106.524,-5.48042
106.594,-5.49979
106.564,-5.52885
106.524,-5.55791
106.564,-5.57729
106.614,-5.59666
106.564,-5.62572
106.534,-5.65479
106.574,-5.67416
106.584,-5.69353
106.584,-5.71291
110.211,-5.7226
110.171,-5.73228
106.574,-5.74197
112.662,-5.74197
110.27,-5.75166
106.604,-5.76135
112.681,-5.76135
110.5,-5.77103
106.504,-5.78072
110.569,-5.78072
105.727,-5.79041
110.47,-5.79041
112.701,-5.79041
110.171,-5.80009
110.569,-5.80009
105.707,-5.80978
110.33,-5.80978
112.602,-5.80978
106.574,-5.81947
110.48,-5.81947
112.731,-5.81947
110.5,-5.82916
112.751,-5.82916
110.5,-5.83884
105.767,-5.84853
110.47,-5.84853
105.767,-5.85822
110.569,-5.85822
106.026,-5.8679
110.46,-5.8679
106.584,-5.87759
112.681,-5.87759
110.41,-5.88728
107.042,-5.89697
106.086,-5.90665
110.35,-5.90665
106.166,-5.91634
105.867,-5.92603
106.574,-5.92603
105.976,-5.93571
106.275,-5.93571
107.122,-5.93571
106.096,-5.9454
106.624,-5.9454
107.321,-5.9454
106.146,-5.95509
107.022,-5.95509
107.321,-5.95509
106.156,-5.96478
107.022,-5.96478
107.272,-5.96478
106.066,-5.97446
106.524,-5.97446
107.172,-5.97446
105.867,-5.98415
106.245,-5.98415
107.042,-5.98415
107.291,-5.98415
106.096,-5.99384
106.375,-5.99384
107.122,-5.99384
107.371,-5.99384
106.196,-6.00352
106.524,-6.00352
107.042,-6.00352
107.291,-6.00352
106.056,-6.01321
106.305,-6.01321
106.614,-6.01321
107.022,-6.01321
107.272,-6.01321
106.026,-6.0229
106.275,-6.0229
106.554,-6.0229
106.843,-6.0229
107.192,-6.0229
105.937,-6.03259
106.186,-6.03259
106.435,-6.03259
106.684,-6.03259
107.082,-6.03259
107.331,-6.03259
106.056,-6.04227
106.305,-6.04227
106.554,-6.04227
106.843,-6.04227
107.212,-6.04227
105.917,-6.05196
106.166,-6.05196
106.415,-6.05196
106.664,-6.05196
107.072,-6.05196
107.321,-6.05196
106.006,-6.06165
106.255,-6.06165
106.504,-6.06165
106.753,-6.06165
107.102,-6.06165
107.351,-6.06165
106.016,-6.07133
106.265,-6.07133
106.514,-6.07133
106.823,-6.07133
107.082,-6.07133
107.331,-6.07133
105.996,-6.08102
106.245,-6.08102
106.494,-6.08102
106.763,-6.08102
107.013,-6.08102
107.262,-6.08102
105.927,-6.09071
106.176,-6.09071
106.425,-6.09071
106.674,-6.09071
106.923,-6.09071
107.172,-6.09071
107.421,-6.09071
106.076,-6.1004
106.325,-6.1004
106.574,-6.1004
106.823,-6.1004
107.072,-6.1004
107.321,-6.1004
105.966,-6.11008
106.215,-6.11008
106.465,-6.11008
106.714,-6.11008
106.963,-6.11008
107.212,-6.11008
107.461,-6.11008
106.086,-6.11977
106.335,-6.11977
106.584,-6.11977
106.833,-6.11977
107.082,-6.11977
107.331,-6.11977
105.956,-6.12946
106.206,-6.12946
106.455,-6.12946
106.704,-6.12946
106.953,-6.12946
107.202,-6.12946
107.451,-6.12946
106.066,-6.13914
106.315,-6.13914
106.564,-6.13914
106.813,-6.13914
107.062,-6.13914
107.311,-6.13914
105.897,-6.14883
106.146,-6.14883
106.395,-6.14883
106.644,-6.14883
106.893,-6.14883
107.142,-6.14883
107.391,-6.14883
105.956,-6.15852
106.206,-6.15852
106.455,-6.15852
106.704,-6.15852
106.953,-6.15852
107.202,-6.15852
107.451,-6.15852
105.986,-6.16821
106.235,-6.16821
106.484,-6.16821
106.734,-6.16821
106.983,-6.16821
107.232,-6.16821
107.481,-6.16821
105.976,-6.17789
106.225,-6.17789
106.475,-6.17789
106.724,-6.17789
106.973,-6.17789
107.222,-6.17789
107.471,-6.17789
105.847,-6.18758
106.096,-6.18758
106.345,-6.18758
106.594,-6.18758
106.843,-6.18758
107.092,-6.18758
107.341,-6.18758
107.59,-6.18758
105.927,-6.19727
106.176,-6.19727
106.425,-6.19727
106.674,-6.19727
106.923,-6.19727
107.172,-6.19727
107.421,-6.19727
107.77,-6.19727
105.937,-6.20695
106.186,-6.20695
106.435,-6.20695
106.684,-6.20695
106.933,-6.20695
107.182,-6.20695
107.431,-6.20695
107.75,-6.20695
105.917,-6.21664
106.166,-6.21664
106.415,-6.21664
106.664,-6.21664
106.913,-6.21664
107.162,-6.21664
107.411,-6.21664
107.66,-6.21664
108.228,-6.21664
106.046,-6.22633
106.295,-6.22633
106.544,-6.22633
106.793,-6.22633
107.042,-6.22633
107.291,-6.22633
107.541,-6.22633
107.79,-6.22633
105.827,-6.23602
106.076,-6.23602
106.325,-6.23602
106.574,-6.23602
106.823,-6.23602
107.072,-6.23602
107.321,-6.23602
107.57,-6.23602
107.82,-6.23602
108.328,-6.23602
106.016,-6.2457
106.265,-6.2457
106.514,-6.2457
106.763,-6.2457
107.013,-6.2457
107.262,-6.2457
107.511,-6.2457
107.76,-6.2457
108.248,-6.2457
105.917,-6.25539
106.166,-6.25539
106.415,-6.25539
106.664,-6.25539
106.913,-6.25539
107.162,-6.25539
107.411,-6.25539
107.66,-6.25539
107.909,-6.25539
108.358,-6.25539
106.026,-6.26508
106.275,-6.26508
106.524,-6.26508
106.773,-6.26508
107.022,-6.26508
107.272,-6.26508
107.521,-6.26508
107.77,-6.26508
108.188,-6.26508
105.857,-6.27476
106.106,-6.27476
106.355,-6.27476
106.604,-6.27476
106.853,-6.27476
107.102,-6.27476
107.351,-6.27476
107.6,-6.27476
107.849,-6.27476
108.238,-6.27476
105.917,-6.28445
106.166,-6.28445
106.415,-6.28445
106.664,-6.28445
106.913,-6.28445
107.162,-6.28445
107.411,-6.28445
107.66,-6.28445
107.909,-6.28445
108.278,-6.28445
105.956,-6.29414
106.206,-6.29414
106.455,-6.29414
106.704,-6.29414
106.953,-6.29414
107.202,-6.29414
107.451,-6.29414
107.7,-6.29414
107.949,-6.29414
108.298,-6.29414
105.966,-6.30383
106.215,-6.30383
106.465,-6.30383
106.714,-6.30383
106.963,-6.30383
107.212,-6.30383
107.461,-6.30383
107.71,-6.30383
107.959,-6.30383
108.268,-6.30383
105.946,-6.31351
106.196,-6.31351
106.445,-6.31351
106.694,-6.31351
106.943,-6.31351
107.192,-6.31351
107.441,-6.31351
107.69,-6.31351
107.939,-6.31351
108.218,-6.31351
105.897,-6.3232
106.146,-6.3232
106.395,-6.3232
106.644,-6.3232
106.893,-6.3232
107.142,-6.3232
107.391,-6.3232
107.64,-6.3232
107.889,-6.3232
108.138,-6.3232
105.817,-6.33289
106.066,-6.33289
106.315,-6.33289
106.564,-6.33289
106.813,-6.33289
107.062,-6.33289
107.311,-6.33289
107.56,-6.33289
107.81,-6.33289
108.059,-6.33289
108.308,-6.33289
105.966,-6.34257
106.215,-6.34257
106.465,-6.34257
106.714,-6.34257
106.963,-6.34257
107.212,-6.34257
107.461,-6.34257
107.71,-6.34257
107.959,-6.34257
108.208,-6.34257
105.847,-6.35226
106.096,-6.35226
106.345,-6.35226
106.594,-6.35226
106.843,-6.35226
107.092,-6.35226
107.341,-6.35226
107.59,-6.35226
107.839,-6.35226
108.089,-6.35226
108.338,-6.35226
105.976,-6.36195
106.225,-6.36195
106.475,-6.36195
106.724,-6.36195
106.973,-6.36195
107.222,-6.36195
107.471,-6.36195
107.72,-6.36195
107.969,-6.36195
108.218,-6.36195
105.827,-6.37164
106.076,-6.37164
106.325,-6.37164
106.574,-6.37164
106.823,-6.37164
107.072,-6.37164
107.321,-6.37164
107.57,-6.37164
107.82,-6.37164
108.069,-6.37164
108.318,-6.37164
105.897,-6.38132
106.146,-6.38132
106.395,-6.38132
106.644,-6.38132
106.893,-6.38132
107.142,-6.38132
107.391,-6.38132
107.64,-6.38132
107.889,-6.38132
108.138,-6.38132
108.387,-6.38132
105.857,-6.39101
106.106,-6.39101
106.355,-6.39101
106.604,-6.39101
106.853,-6.39101
107.102,-6.39101
107.351,-6.39101
107.6,-6.39101
107.849,-6.39101
108.098,-6.39101
108.348,-6.39101
110.978,-6.39101
106.006,-6.4007
106.255,-6.4007
106.504,-6.4007
106.753,-6.4007
107.003,-6.4007
107.252,-6.4007
107.501,-6.4007
107.75,-6.4007
107.999,-6.4007
108.248,-6.4007
110.828,-6.4007
105.847,-6.41038
106.096,-6.41038
106.345,-6.41038
106.594,-6.41038
106.843,-6.41038
107.092,-6.41038
107.341,-6.41038
107.59,-6.41038
107.839,-6.41038
108.089,-6.41038
108.338,-6.41038
110.888,-6.41038
105.897,-6.42007
106.146,-6.42007
106.395,-6.42007
106.644,-6.42007
106.893,-6.42007
107.142,-6.42007
107.391,-6.42007
107.64,-6.42007
107.889,-6.42007
108.138,-6.42007
108.387,-6.42007
110.888,-6.42007
105.877,-6.42976
106.126,-6.42976
106.375,-6.42976
106.624,-6.42976
106.873,-6.42976
107.122,-6.42976
107.371,-6.42976
107.62,-6.42976
107.869,-6.42976
108.118,-6.42976
108.367,-6.42976
110.838,-6.42976
105.827,-6.43945
106.076,-6.43945
106.325,-6.43945
106.574,-6.43945
106.823,-6.43945
107.072,-6.43945
107.321,-6.43945
107.57,-6.43945
107.82,-6.43945
108.069,-6.43945
108.318,-6.43945
110.769,-6.43945
111.018,-6.43945
106.006,-6.44913
106.255,-6.44913
106.504,-6.44913
106.753,-6.44913
107.003,-6.44913
107.252,-6.44913
107.501,-6.44913
107.75,-6.44913
107.999,-6.44913
108.248,-6.44913
108.497,-6.44913
110.938,-6.44913
105.887,-6.45882
106.136,-6.45882
106.385,-6.45882
106.634,-6.45882
106.883,-6.45882
107.132,-6.45882
107.381,-6.45882
107.63,-6.45882
107.879,-6.45882
108.128,-6.45882
108.377,-6.45882
110.779,-6.45882
111.028,-6.45882
105.956,-6.46851
106.206,-6.46851
106.455,-6.46851
106.704,-6.46851
106.953,-6.46851
107.202,-6.46851
107.451,-6.46851
107.7,-6.46851
107.949,-6.46851
108.198,-6.46851
108.447,-6.46851
110.808,-6.46851
111.057,-6.46851
105.907,-6.4782
106.156,-6.4782
106.405,-6.4782
106.654,-6.4782
106.903,-6.4782
107.152,-6.4782
107.401,-6.4782
107.65,-6.4782
107.899,-6.4782
108.148,-6.4782
108.397,-6.4782
110.749,-6.4782
110.998,-6.4782
105.847,-6.48788
106.096,-6.48788
106.345,-6.48788
106.594,-6.48788
106.843,-6.48788
107.092,-6.48788
107.341,-6.48788
107.59,-6.48788
107.839,-6.48788
108.089,-6.48788
108.338,-6.48788
110.679,-6.48788
110.928,-6.48788
105.737,-6.49757
106.006,-6.49757
106.255,-6.49757
106.504,-6.49757
106.753,-6.49757
107.003,-6.49757
107.252,-6.49757
107.501,-6.49757
107.75,-6.49757
107.999,-6.49757
108.248,-6.49757
108.497,-6.49757
110.838,-6.49757
105.628,-6.50726
105.887,-6.50726
106.136,-6.50726
106.385,-6.50726
106.634,-6.50726
106.883,-6.50726
107.132,-6.50726
107.381,-6.50726
107.63,-6.50726
107.879,-6.50726
108.128,-6.50726
108.377,-6.50726
110.729,-6.50726
110.978,-6.50726
105.717,-6.51694
105.966,-6.51694
106.215,-6.51694
106.465,-6.51694
106.714,-6.51694
106.963,-6.51694
107.212,-6.51694
107.461,-6.51694
107.71,-6.51694
107.959,-6.51694
108.208,-6.51694
108.457,-6.51694
110.798,-6.51694
111.048,-6.51694
105.737,-6.52663
105.986,-6.52663
106.235,-6.52663
106.484,-6.52663
106.734,-6.52663
106.983,-6.52663
107.232,-6.52663
107.481,-6.52663
107.73,-6.52663
107.979,-6.52663
108.228,-6.52663
108.477,-6.52663
110.808,-6.52663
111.057,-6.52663
105.697,-6.53632
105.946,-6.53632
106.196,-6.53632
106.445,-6.53632
106.694,-6.53632
106.943,-6.53632
107.192,-6.53632
107.441,-6.53632
107.69,-6.53632
107.939,-6.53632
108.188,-6.53632
108.437,-6.53632
110.769,-6.53632
111.018,-6.53632
105.648,-6.54601
105.897,-6.54601
106.146,-6.54601
106.395,-6.54601
106.644,-6.54601
106.893,-6.54601
107.142,-6.54601
107.391,-6.54601
107.64,-6.54601
107.889,-6.54601
108.138,-6.54601
108.387,-6.54601
110.709,-6.54601
110.958,-6.54601
105.259,-6.55569
105.837,-6.55569
106.086,-6.55569
106.335,-6.55569
106.584,-6.55569
106.833,-6.55569
107.082,-6.55569
107.331,-6.55569
107.58,-6.55569
107.829,-6.55569
108.079,-6.55569
108.328,-6.55569
110.659,-6.55569
110.908,-6.55569
105.189,-6.56538
105.777,-6.56538
106.026,-6.56538
106.275,-6.56538
106.524,-6.56538
106.773,-6.56538
107.022,-6.56538
107.272,-6.56538
107.521,-6.56538
107.77,-6.56538
108.019,-6.56538
108.268,-6.56538
108.517,-6.56538
110.838,-6.56538
111.087,-6.56538
105.677,-6.57507
105.927,-6.57507
106.176,-6.57507
106.425,-6.57507
106.674,-6.57507
106.923,-6.57507
107.172,-6.57507
107.421,-6.57507
107.67,-6.57507
107.919,-6.57507
108.168,-6.57507
108.417,-6.57507
110.739,-6.57507
110.988,-6.57507
105.239,-6.58475
105.817,-6.58475
106.066,-6.58475
106.315,-6.58475
106.564,-6.58475
106.813,-6.58475
107.062,-6.58475
107.311,-6.58475
107.56,-6.58475
107.81,-6.58475
108.059,-6.58475
108.308,-6.58475
110.629,-6.58475
110.878,-6.58475
105.11,-6.59444
105.687,-6.59444
105.937,-6.59444
106.186,-6.59444
106.435,-6.59444
106.684,-6.59444
106.933,-6.59444
107.182,-6.59444
107.431,-6.59444
107.68,-6.59444
107.929,-6.59444
108.178,-6.59444
108.427,-6.59444
110.749,-6.59444
110.998,-6.59444
105.219,-6.60413
105.797,-6.60413
106.046,-6.60413
106.295,-6.60413
106.544,-6.60413
106.793,-6.60413
107.042,-6.60413
107.291,-6.60413
107.541,-6.60413
107.79,-6.60413
108.039,-6.60413
108.288,-6.60413
108.537,-6.60413
110.848,-6.60413
111.097,-6.60413
105.638,-6.61382
105.887,-6.61382
106.136,-6.61382
106.385,-6.61382
106.634,-6.61382
106.883,-6.61382
107.132,-6.61382
107.381,-6.61382
107.63,-6.61382
107.879,-6.61382
108.128,-6.61382
108.377,-6.61382
110.689,-6.61382
110.938,-6.61382
105.09,-6.6235
105.677,-6.6235
105.927,-6.6235
106.176,-6.6235
106.425,-6.6235
106.674,-6.6235
106.923,-6.6235
107.172,-6.6235
107.421,-6.6235
107.67,-6.6235
107.919,-6.6235
108.168,-6.6235
108.417,-6.6235
110.729,-6.6235
110.978,-6.6235
111.556,-6.6235
105.618,-6.63319
105.867,-6.63319
106.116,-6.63319
106.365,-6.63319
106.614,-6.63319
106.863,-6.63319
107.112,-6.63319
107.361,-6.63319
107.61,-6.63319
107.859,-6.63319
108.108,-6.63319
108.358,-6.63319
110.669,-6.63319
110.918,-6.63319
111.476,-6.63319
105.389,-6.64288
105.797,-6.64288
106.046,-6.64288
106.295,-6.64288
106.544,-6.64288
106.793,-6.64288
107.042,-6.64288
107.291,-6.64288
107.541,-6.64288
107.79,-6.64288
108.039,-6.64288
108.288,-6.64288
108.537,-6.64288
110.838,-6.64288
111.087,-6.64288
105.189,-6.65256
105.658,-6.65256
105.907,-6.65256
106.156,-6.65256
106.405,-6.65256
106.654,-6.65256
106.903,-6.65256
107.152,-6.65256
107.401,-6.65256
107.65,-6.65256
107.899,-6.65256
108.148,-6.65256
108.397,-6.65256
110.689,-6.65256
110.938,-6.65256
111.446,-6.65256
105.329,-6.66225
105.727,-6.66225
105.976,-6.66225
106.225,-6.66225
106.475,-6.66225
106.724,-6.66225
106.973,-6.66225
107.222,-6.66225
107.471,-6.66225
107.72,-6.66225
107.969,-6.66225
108.218,-6.66225
108.467,-6.66225
110.759,-6.66225
111.008,-6.66225
111.466,-6.66225
105.349,-6.67194
105.727,-6.67194
105.976,-6.67194
106.225,-6.67194
106.475,-6.67194
106.724,-6.67194
106.973,-6.67194
107.222,-6.67194
107.471,-6.67194
107.72,-6.67194
107.969,-6.67194
108.218,-6.67194
108.467,-6.67194
110.749,-6.67194
110.998,-6.67194
111.406,-6.67194
105.189,-6.68163
105.658,-6.68163
105.907,-6.68163
106.156,-6.68163
106.405,-6.68163
106.654,-6.68163
106.903,-6.68163
107.152,-6.68163
107.401,-6.68163
107.65,-6.68163
107.899,-6.68163
108.148,-6.68163
108.397,-6.68163
110.679,-6.68163
110.928,-6.68163
111.177,-6.68163
111.486,-6.68163
105.389,-6.69131
105.747,-6.69131
105.996,-6.69131
106.245,-6.69131
106.494,-6.69131
106.744,-6.69131
106.993,-6.69131
107.242,-6.69131
107.491,-6.69131
107.74,-6.69131
107.989,-6.69131
108.238,-6.69131
108.487,-6.69131
110.749,-6.69131
110.998,-6.69131
111.247,-6.69131
111.496,-6.69131
105.399,-6.701
105.757,-6.701
106.006,-6.701
106.255,-6.701
106.504,-6.701
106.753,-6.701
107.003,-6.701
107.252,-6.701
107.501,-6.701
107.75,-6.701
107.999,-6.701
108.248,-6.701
108.497,-6.701
110.749,-6.701
110.998,-6.701
111.247,-6.701
111.496,-6.701
105.369,-6.71069
105.707,-6.71069
105.956,-6.71069
106.206,-6.71069
106.455,-6.71069
106.704,-6.71069
106.953,-6.71069
107.202,-6.71069
107.451,-6.71069
107.7,-6.71069
107.949,-6.71069
108.198,-6.71069
108.447,-6.71069
110.679,-6.71069
110.928,-6.71069
111.177,-6.71069
111.426,-6.71069
105.239,-6.72037
105.568,-6.72037
105.817,-6.72037
106.066,-6.72037
106.315,-6.72037
106.564,-6.72037
106.813,-6.72037
107.062,-6.72037
107.311,-6.72037
107.56,-6.72037
107.81,-6.72037
108.059,-6.72037
108.308,-6.72037
108.557,-6.72037
110.769,-6.72037
111.018,-6.72037
111.267,-6.72037
111.516,-6.72037
105.289,-6.73006
105.608,-6.73006
105.857,-6.73006
106.106,-6.73006
106.355,-6.73006
106.604,-6.73006
106.853,-6.73006
107.102,-6.73006
107.351,-6.73006
107.6,-6.73006
107.849,-6.73006
108.098,-6.73006
108.348,-6.73006
108.597,-6.73006
110.779,-6.73006
111.028,-6.73006
111.277,-6.73006
111.526,-6.73006
105.279,-6.73975
105.578,-6.73975
105.827,-6.73975
106.076,-6.73975
106.325,-6.73975
106.574,-6.73975
106.823,-6.73975
107.072,-6.73975
107.321,-6.73975
107.57,-6.73975
107.82,-6.73975
108.069,-6.73975
108.318,-6.73975
108.567,-6.73975
110.709,-6.73975
110.958,-6.73975
111.207,-6.73975
111.456,-6.73975
105.199,-6.74944
105.448,-6.74944
105.737,-6.74944
105.986,-6.74944
106.235,-6.74944
106.484,-6.74944
106.734,-6.74944
106.983,-6.74944
107.232,-6.74944
107.481,-6.74944
107.73,-6.74944
107.979,-6.74944
108.228,-6.74944
108.477,-6.74944
109.015,-6.74944
110.788,-6.74944
111.038,-6.74944
111.287,-6.74944
111.536,-6.74944
105.229,-6.75912
105.508,-6.75912
105.757,-6.75912
106.006,-6.75912
106.255,-6.75912
106.504,-6.75912
106.753,-6.75912
107.003,-6.75912
107.252,-6.75912
107.501,-6.75912
107.75,-6.75912
107.999,-6.75912
108.248,-6.75912
108.497,-6.75912
108.836,-6.75912
110.739,-6.75912
110.988,-6.75912
111.237,-6.75912
111.486,-6.75912
111.735,-6.75912
105.329,-6.76881
105.608,-6.76881
105.857,-6.76881
106.106,-6.76881
106.355,-6.76881
106.604,-6.76881
106.853,-6.76881
107.102,-6.76881
107.351,-6.76881
107.6,-6.76881
107.849,-6.76881
108.098,-6.76881
108.348,-6.76881
108.597,-6.76881
110.569,-6.76881
110.818,-6.76881
111.067,-6.76881
111.317,-6.76881
111.566,-6.76881
111.914,-6.76881
105.359,-6.7785
105.638,-6.7785
105.887,-6.7785
106.136,-6.7785
106.385,-6.7785
106.634,-6.7785
106.883,-6.7785
107.132,-6.7785
107.381,-6.7785
107.63,-6.7785
107.879,-6.7785
108.128,-6.7785
108.377,-6.7785
108.627,-6.7785
109.045,-6.7785
110.769,-6.7785
111.018,-6.7785
111.267,-6.7785
111.516,-6.7785
111.765,-6.7785
105.279,-6.78818
105.548,-6.78818
105.797,-6.78818
106.046,-6.78818
106.295,-6.78818
106.544,-6.78818
106.793,-6.78818
107.042,-6.78818
107.291,-6.78818
107.541,-6.78818
107.79,-6.78818
108.039,-6.78818
108.288,-6.78818
108.537,-6.78818
108.866,-6.78818
110.649,-6.78818
110.898,-6.78818
111.147,-6.78818
111.396,-6.78818
111.645,-6.78818
111.894,-6.78818
105.359,-6.79787
105.608,-6.79787
105.857,-6.79787
106.106,-6.79787
106.355,-6.79787
106.604,-6.79787
106.853,-6.79787
107.102,-6.79787
107.351,-6.79787
107.6,-6.79787
107.849,-6.79787
108.098,-6.79787
108.348,-6.79787
108.597,-6.79787
108.866,-6.79787
110.609,-6.79787
110.858,-6.79787
111.107,-6.79787
111.356,-6.79787
111.605,-6.79787
111.855,-6.79787
105.309,-6.80756
105.558,-6.80756
105.807,-6.80756
106.056,-6.80756
106.305,-6.80756
106.554,-6.80756
106.803,-6.80756
107.052,-6.80756
107.301,-6.80756
107.551,-6.80756
107.8,-6.80756
108.049,-6.80756
108.298,-6.80756
108.547,-6.80756
108.796,-6.80756
109.463,-6.80756
110.729,-6.80756
110.978,-6.80756
111.227,-6.80756
111.476,-6.80756
111.725,-6.80756
111.974,-6.80756
105.418,-6.81725
105.668,-6.81725
105.917,-6.81725
106.166,-6.81725
106.415,-6.81725
106.664,-6.81725
106.913,-6.81725
107.162,-6.81725
107.411,-6.81725
107.66,-6.81725
107.909,-6.81725
108.158,-6.81725
108.407,-6.81725
108.656,-6.81725
108.905,-6.81725
109.523,-6.81725
110.759,-6.81725
111.008,-6.81725
111.257,-6.81725
111.506,-6.81725
111.755,-6.81725
112.004,-6.81725
105.478,-6.82693
105.727,-6.82693
105.976,-6.82693
106.225,-6.82693
106.475,-6.82693
106.724,-6.82693
106.973,-6.82693
107.222,-6.82693
107.471,-6.82693
107.72,-6.82693
107.969,-6.82693
108.218,-6.82693
108.467,-6.82693
108.716,-6.82693
108.965,-6.82693
109.513,-6.82693
110.679,-6.82693
110.928,-6.82693
111.177,-6.82693
111.426,-6.82693
111.675,-6.82693
111.924,-6.82693
105.428,-6.83662
105.677,-6.83662
106.016,-6.83662
106.265,-6.83662
106.514,-6.83662
106.763,-6.83662
107.013,-6.83662
107.262,-6.83662
107.511,-6.83662
107.76,-6.83662
108.009,-6.83662
108.258,-6.83662
108.507,-6.83662
108.756,-6.83662
109.005,-6.83662
109.473,-6.83662
110.549,-6.83662
110.798,-6.83662
111.048,-6.83662
111.297,-6.83662
111.546,-6.83662
111.795,-6.83662
112.542,-6.83662
105.548,-6.84631
105.797,-6.84631
106.166,-6.84631
106.415,-6.84631
106.664,-6.84631
106.913,-6.84631
107.162,-6.84631
107.411,-6.84631
107.66,-6.84631
107.909,-6.84631
108.158,-6.84631
108.407,-6.84631
108.656,-6.84631
108.905,-6.84631
109.155,-6.84631
109.523,-6.84631
110.519,-6.84631
110.769,-6.84631
111.018,-6.84631
111.267,-6.84631
111.516,-6.84631
111.765,-6.84631
112.014,-6.84631
105.528,-6.85599
105.797,-6.85599
106.215,-6.85599
106.465,-6.85599
106.714,-6.85599
106.963,-6.85599
107.212,-6.85599
107.461,-6.85599
107.71,-6.85599
107.959,-6.85599
108.208,-6.85599
108.457,-6.85599
108.706,-6.85599
108.955,-6.85599
109.204,-6.85599
109.453,-6.85599
109.703,-6.85599
110.639,-6.85599
110.888,-6.85599
111.137,-6.85599
111.386,-6.85599
111.635,-6.85599
111.884,-6.85599
112.323,-6.85599
113.927,-6.85599
105.777,-6.86568
106.295,-6.86568
106.544,-6.86568
106.793,-6.86568
107.042,-6.86568
107.291,-6.86568
107.541,-6.86568
107.79,-6.86568
108.039,-6.86568
108.288,-6.86568
108.537,-6.86568
108.786,-6.86568
109.035,-6.86568
109.284,-6.86568
109.533,-6.86568
110.171,-6.86568
110.679,-6.86568
110.928,-6.86568
111.177,-6.86568
111.426,-6.86568
111.675,-6.86568
111.924,-6.86568
112.313,-6.86568
113.02,-6.86568
113.927,-6.86568
106.146,-6.87537
106.395,-6.87537
106.644,-6.87537
106.893,-6.87537
107.142,-6.87537
107.391,-6.87537
107.64,-6.87537
107.889,-6.87537
108.138,-6.87537
108.387,-6.87537
108.636,-6.87537
108.886,-6.87537
109.135,-6.87537
109.384,-6.87537
109.633,-6.87537
110.201,-6.87537
110.699,-6.87537
110.948,-6.87537
111.197,-6.87537
111.446,-6.87537
111.695,-6.87537
111.944,-6.87537
112.293,-6.87537
112.861,-6.87537
113.11,-6.87537
113.359,-6.87537
113.678,-6.87537
113.927,-6.87537
106.196,-6.88506
106.445,-6.88506
106.694,-6.88506
106.943,-6.88506
107.192,-6.88506
107.441,-6.88506
107.69,-6.88506
107.939,-6.88506
108.188,-6.88506
108.437,-6.88506
108.686,-6.88506
108.935,-6.88506
109.184,-6.88506
109.434,-6.88506
109.683,-6.88506
110.161,-6.88506
110.639,-6.88506
110.888,-6.88506
111.137,-6.88506
111.386,-6.88506
111.635,-6.88506
111.884,-6.88506
112.133,-6.88506
112.383,-6.88506
112.891,-6.88506
113.14,-6.88506
113.389,-6.88506
113.638,-6.88506
113.887,-6.88506
106.126,-6.89474
106.375,-6.89474
106.624,-6.89474
106.873,-6.89474
107.122,-6.89474
107.371,-6.89474
107.62,-6.89474
107.869,-6.89474
108.118,-6.89474
108.367,-6.89474
108.617,-6.89474
108.866,-6.89474
109.115,-6.89474
109.364,-6.89474
109.613,-6.89474
110.051,-6.89474
110.48,-6.89474
110.729,-6.89474
110.978,-6.89474
111.227,-6.89474
111.476,-6.89474
111.725,-6.89474
111.974,-6.89474
112.223,-6.89474
112.472,-6.89474
112.931,-6.89474
113.18,-6.89474
113.429,-6.89474
113.678,-6.89474
113.927,-6.89474
106.146,-6.90443
106.395,-6.90443
106.644,-6.90443
106.893,-6.90443
107.142,-6.90443
107.391,-6.90443
107.64,-6.90443
107.889,-6.90443
108.138,-6.90443
108.387,-6.90443
108.636,-6.90443
108.886,-6.90443
109.135,-6.90443
109.384,-6.90443
109.633,-6.90443
109.912,-6.90443
110.211,-6.90443
110.609,-6.90443
110.858,-6.90443
111.107,-6.90443
111.356,-6.90443
111.605,-6.90443
111.855,-6.90443
112.104,-6.90443
112.353,-6.90443
112.602,-6.90443
113.04,-6.90443
113.289,-6.90443
113.538,-6.90443
113.787,-6.90443
114.036,-6.90443
106.255,-6.91412
106.504,-6.91412
106.753,-6.91412
107.003,-6.91412
107.252,-6.91412
107.501,-6.91412
107.75,-6.91412
107.999,-6.91412
108.248,-6.91412
108.497,-6.91412
108.746,-6.91412
108.995,-6.91412
109.244,-6.91412
109.493,-6.91412
109.742,-6.91412
109.991,-6.91412
110.241,-6.91412
110.619,-6.91412
110.868,-6.91412
111.117,-6.91412
111.366,-6.91412
111.615,-6.91412
111.864,-6.91412
112.114,-6.91412
112.363,-6.91412
112.612,-6.91412
113.05,-6.91412
113.299,-6.91412
113.548,-6.91412
113.797,-6.91412
114.046,-6.91412
106.265,-6.9238
106.514,-6.9238
106.763,-6.9238
107.013,-6.9238
107.262,-6.9238
107.511,-6.9238
107.76,-6.9238
108.009,-6.9238
108.258,-6.9238
108.507,-6.9238
108.756,-6.9238
109.005,-6.9238
109.254,-6.9238
109.503,-6.9238
109.752,-6.9238
110.001,-6.9238
110.25,-6.9238
110.579,-6.9238
110.828,-6.9238
111.077,-6.9238
111.326,-6.9238
111.576,-6.9238
111.825,-6.9238
112.074,-6.9238
112.323,-6.9238
112.572,-6.9238
113.01,-6.9238
113.259,-6.9238
113.508,-6.9238
113.757,-6.9238
114.007,-6.9238
106.265,-6.93349
106.514,-6.93349
106.763,-6.93349
107.013,-6.93349
107.262,-6.93349
107.511,-6.93349
107.76,-6.93349
108.009,-6.93349
108.258,-6.93349
108.507,-6.93349
108.756,-6.93349
109.005,-6.93349
109.254,-6.93349
109.503,-6.93349
109.752,-6.93349
110.001,-6.93349
110.25,-6.93349
110.529,-6.93349
110.779,-6.93349
111.028,-6.93349
111.277,-6.93349
111.526,-6.93349
111.775,-6.93349
112.024,-6.93349
112.273,-6.93349
112.522,-6.93349
112.96,-6.93349
113.209,-6.93349
113.459,-6.93349
113.708,-6.93349
113.957,-6.93349
106.255,-6.94318
106.504,-6.94318
106.753,-6.94318
107.003,-6.94318
107.252,-6.94318
107.501,-6.94318
107.75,-6.94318
107.999,-6.94318
108.248,-6.94318
108.497,-6.94318
108.746,-6.94318
108.995,-6.94318
109.244,-6.94318
109.493,-6.94318
109.742,-6.94318
109.991,-6.94318
110.241,-6.94318
110.49,-6.94318
110.739,-6.94318
110.988,-6.94318
111.237,-6.94318
111.486,-6.94318
111.735,-6.94318
111.984,-6.94318
112.233,-6.94318
112.482,-6.94318
112.921,-6.94318
113.17,-6.94318
113.419,-6.94318
113.668,-6.94318
113.917,-6.94318
105.797,-6.95287
106.425,-6.95287
106.674,-6.95287
106.923,-6.95287
107.172,-6.95287
107.421,-6.95287
107.67,-6.95287
107.919,-6.95287
108.168,-6.95287
108.417,-6.95287
108.666,-6.95287
108.915,-6.95287
109.165,-6.95287
109.414,-6.95287
109.663,-6.95287
109.912,-6.95287
110.161,-6.95287
110.41,-6.95287
110.659,-6.95287
110.908,-6.95287
111.157,-6.95287
111.406,-6.95287
111.655,-6.95287
111.904,-6.95287
112.153,-6.95287
112.402,-6.95287
112.821,-6.95287
113.07,-6.95287
113.319,-6.95287
113.568,-6.95287
113.817,-6.95287
114.066,-6.95287
106.295,-6.96255
106.544,-6.96255
106.793,-6.96255
107.042,-6.96255
107.291,-6.96255
107.541,-6.96255
107.79,-6.96255
108.039,-6.96255
108.288,-6.96255
108.537,-6.96255
108.786,-6.96255
109.035,-6.96255
109.284,-6.96255
109.533,-6.96255
109.782,-6.96255
110.031,-6.96255
110.28,-6.96255
110.529,-6.96255
110.779,-6.96255
111.028,-6.96255
111.277,-6.96255
111.526,-6.96255
111.775,-6.96255
112.024,-6.96255
112.273,-6.96255
112.522,-6.96255
112.921,-6.96255
113.17,-6.96255
113.419,-6.96255
113.668,-6.96255
113.917,-6.96255
114.186,-6.96255
106.385,-6.97224
106.634,-6.97224
106.883,-6.97224
107.132,-6.97224
107.381,-6.97224
107.63,-6.97224
107.879,-6.97224
108.128,-6.97224
108.377,-6.97224
108.627,-6.97224
108.876,-6.97224
109.125,-6.97224
109.374,-6.97224
109.623,-6.97224
109.872,-6.97224
110.121,-6.97224
110.37,-6.97224
110.619,-6.97224
110.868,-6.97224
111.117,-6.97224
111.366,-6.97224
111.615,-6.97224
111.864,-6.97224
112.114,-6.97224
112.363,-6.97224
112.612,-6.97224
113,-6.97224
113.249,-6.97224
113.498,-6.97224
113.747,-6.97224
113.997,-6.97224
106.255,-6.98193
106.564,-6.98193
106.813,-6.98193
107.062,-6.98193
107.311,-6.98193
107.56,-6.98193
107.81,-6.98193
108.059,-6.98193
108.308,-6.98193
108.557,-6.98193
108.806,-6.98193
109.055,-6.98193
109.304,-6.98193
109.553,-6.98193
109.802,-6.98193
110.051,-6.98193
110.3,-6.98193
110.549,-6.98193
110.798,-6.98193
111.048,-6.98193
111.297,-6.98193
111.546,-6.98193
111.795,-6.98193
112.044,-6.98193
112.293,-6.98193
112.542,-6.98193
112.901,-6.98193
113.15,-6.98193
113.399,-6.98193
113.648,-6.98193
113.897,-6.98193
114.156,-6.98193
106.544,-6.99161
106.793,-6.99161
107.042,-6.99161
107.291,-6.99161
107.541,-6.99161
107.79,-6.99161
108.039,-6.99161
108.288,-6.99161
108.537,-6.99161
108.786,-6.99161
109.035,-6.99161
109.284,-6.99161
109.533,-6.99161
109.782,-6.99161
110.031,-6.99161
110.28,-6.99161
110.529,-6.99161
110.779,-6.99161
111.028,-6.99161
111.277,-6.99161
111.526,-6.99161
111.775,-6.99161
112.024,-6.99161
112.273,-6.99161
112.522,-6.99161
112.871,-6.99161
113.12,-6.99161
113.369,-6.99161
113.618,-6.99161
113.867,-6.99161
114.116,-6.99161
106.584,-7.0013
106.833,-7.0013
107.082,-7.0013
107.331,-7.0013
107.58,-7.0013
107.829,-7.0013
108.079,-7.0013
108.328,-7.0013
108.577,-7.0013
108.826,-7.0013
109.075,-7.0013
109.324,-7.0013
109.573,-7.0013
109.822,-7.0013
110.071,-7.0013
110.32,-7.0013
110.569,-7.0013
110.818,-7.0013
111.067,-7.0013
111.317,-7.0013
111.566,-7.0013
111.815,-7.0013
112.064,-7.0013
112.313,-7.0013
112.562,-7.0013
112.871,-7.0013
113.12,-7.0013
113.369,-7.0013
113.618,-7.0013
113.867,-7.0013
114.166,-7.0013
106.654,-7.01099
106.903,-7.01099
107.152,-7.01099
107.401,-7.01099
107.65,-7.01099
107.899,-7.01099
108.148,-7.01099
108.397,-7.01099
108.646,-7.01099
108.896,-7.01099
109.145,-7.01099
109.394,-7.01099
109.643,-7.01099
109.892,-7.01099
110.141,-7.01099
110.39,-7.01099
110.639,-7.01099
110.888,-7.01099
111.137,-7.01099
111.386,-7.01099
111.635,-7.01099
111.884,-7.01099
112.133,-7.01099
112.383,-7.01099
112.632,-7.01099
112.94,-7.01099
113.19,-7.01099
113.439,-7.01099
113.688,-7.01099
113.937,-7.01099
106.574,-7.02068
106.823,-7.02068
107.072,-7.02068
107.321,-7.02068
107.57,-7.02068
107.82,-7.02068
108.069,-7.02068
108.318,-7.02068
108.567,-7.02068
108.816,-7.02068
109.065,-7.02068
109.314,-7.02068
109.563,-7.02068
109.812,-7.02068
110.061,-7.02068
110.31,-7.02068
110.559,-7.02068
110.808,-7.02068
111.057,-7.02068
111.307,-7.02068
111.556,-7.02068
111.805,-7.02068
112.054,-7.02068
112.303,-7.02068
112.552,-7.02068
112.801,-7.02068
113.05,-7.02068
113.299,-7.02068
113.548,-7.02068
113.797,-7.02068
114.046,-7.02068
106.734,-7.03036
106.983,-7.03036
107.232,-7.03036
107.481,-7.03036
107.73,-7.03036
107.979,-7.03036
108.228,-7.03036
108.477,-7.03036
108.726,-7.03036
108.975,-7.03036
109.224,-7.03036
109.473,-7.03036
109.722,-7.03036
109.972,-7.03036
110.221,-7.03036
110.47,-7.03036
110.719,-7.03036
110.968,-7.03036
111.217,-7.03036
111.466,-7.03036
111.715,-7.03036
111.964,-7.03036
112.213,-7.03036
112.462,-7.03036
112.711,-7.03036
112.96,-7.03036
113.209,-7.03036
113.459,-7.03036
113.708,-7.03036
113.957,-7.03036
106.744,-7.04005
106.993,-7.04005
107.242,-7.04005
107.491,-7.04005
107.74,-7.04005
107.989,-7.04005
108.238,-7.04005
108.487,-7.04005
108.736,-7.04005
108.985,-7.04005
109.234,-7.04005
109.483,-7.04005
109.732,-7.04005
109.981,-7.04005
110.231,-7.04005
110.48,-7.04005
110.729,-7.04005
110.978,-7.04005
111.227,-7.04005
111.476,-7.04005
111.725,-7.04005
111.974,-7.04005
112.223,-7.04005
112.472,-7.04005
112.721,-7.04005
112.97,-7.04005
113.219,-7.04005
113.469,-7.04005
113.718,-7.04005
113.967,-7.04005
106.753,-7.04974
107.003,-7.04974
107.252,-7.04974
107.501,-7.04974
107.75,-7.04974
107.999,-7.04974
108.248,-7.04974
108.497,-7.04974
108.746,-7.04974
108.995,-7.04974
109.244,-7.04974
109.493,-7.04974
109.742,-7.04974
109.991,-7.04974
110.241,-7.04974
110.49,-7.04974
110.739,-7.04974
110.988,-7.04974
111.237,-7.04974
111.486,-7.04974
111.735,-7.04974
111.984,-7.04974
112.233,-7.04974
112.482,-7.04974
112.731,-7.04974
112.98,-7.04974
113.229,-7.04974
113.478,-7.04974
113.728,-7.04974
106.514,-7.05942
106.763,-7.05942
107.013,-7.05942
107.262,-7.05942
107.511,-7.05942
107.76,-7.05942
108.009,-7.05942
108.258,-7.05942
108.507,-7.05942
108.756,-7.05942
109.005,-7.05942
109.254,-7.05942
109.503,-7.05942
109.752,-7.05942
110.001,-7.05942
110.25,-7.05942
110.5,-7.05942
110.749,-7.05942
110.998,-7.05942
111.247,-7.05942
111.496,-7.05942
111.745,-7.05942
111.994,-7.05942
112.243,-7.05942
112.492,-7.05942
112.741,-7.05942
112.99,-7.05942
113.239,-7.05942
113.488,-7.05942
113.738,-7.05942
113.987,-7.05942
106.684,-7.06911
106.933,-7.06911
107.182,-7.06911
107.431,-7.06911
107.68,-7.06911
107.929,-7.06911
108.178,-7.06911
108.427,-7.06911
108.676,-7.06911
108.925,-7.06911
109.174,-7.06911
109.424,-7.06911
109.673,-7.06911
109.922,-7.06911
110.171,-7.06911
110.42,-7.06911
110.669,-7.06911
110.918,-7.06911
111.167,-7.06911
111.416,-7.06911
111.665,-7.06911
111.914,-7.06911
112.163,-7.06911
112.412,-7.06911
112.662,-7.06911
112.911,-7.06911
113.16,-7.06911
113.409,-7.06911
113.658,-7.06911
113.917,-7.06911
106.574,-7.0788
106.823,-7.0788
107.072,-7.0788
107.321,-7.0788
107.57,-7.0788
107.82,-7.0788
108.069,-7.0788
108.318,-7.0788
108.567,-7.0788
108.816,-7.0788
109.065,-7.0788
109.314,-7.0788
109.563,-7.0788
109.812,-7.0788
110.061,-7.0788
110.31,-7.0788
110.559,-7.0788
110.808,-7.0788
111.057,-7.0788
111.307,-7.0788
111.556,-7.0788
111.805,-7.0788
112.054,-7.0788
112.303,-7.0788
112.552,-7.0788
112.811,-7.0788
113.06,-7.0788
113.309,-7.0788
113.558,-7.0788
113.807,-7.0788
114.295,-7.0788
106.644,-7.08849
106.893,-7.08849
107.142,-7.08849
107.391,-7.08849
107.64,-7.08849
107.889,-7.08849
108.138,-7.08849
108.387,-7.08849
108.636,-7.08849
108.886,-7.08849
109.135,-7.08849
109.384,-7.08849
109.633,-7.08849
109.882,-7.08849
110.131,-7.08849
110.38,-7.08849
110.629,-7.08849
110.878,-7.08849
111.127,-7.08849
111.376,-7.08849
111.625,-7.08849
111.874,-7.08849
112.124,-7.08849
112.373,-7.08849
112.622,-7.08849
112.891,-7.08849
113.14,-7.08849
113.389,-7.08849
113.638,-7.08849
113.887,-7.08849
114.355,-7.08849
106.624,-7.09817
106.873,-7.09817
107.122,-7.09817
107.371,-7.09817
107.62,-7.09817
107.869,-7.09817
108.118,-7.09817
108.367,-7.09817
108.617,-7.09817
108.866,-7.09817
109.115,-7.09817
109.364,-7.09817
109.613,-7.09817
109.862,-7.09817
110.111,-7.09817
110.36,-7.09817
110.609,-7.09817
110.858,-7.09817
111.107,-7.09817
111.356,-7.09817
111.605,-7.09817
111.855,-7.09817
112.104,-7.09817
112.353,-7.09817
112.602,-7.09817
112.871,-7.09817
113.12,-7.09817
113.369,-7.09817
113.618,-7.09817
113.867,-7.09817
114.325,-7.09817
106.494,-7.10786
106.744,-7.10786
106.993,-7.10786
107.242,-7.10786
107.491,-7.10786
107.74,-7.10786
107.989,-7.10786
108.238,-7.10786
108.487,-7.10786
108.736,-7.10786
108.985,-7.10786
109.234,-7.10786
109.483,-7.10786
109.732,-7.10786
109.981,-7.10786
110.231,-7.10786
110.48,-7.10786
110.729,-7.10786
110.978,-7.10786
111.227,-7.10786
111.476,-7.10786
111.725,-7.10786
111.974,-7.10786
112.223,-7.10786
112.472,-7.10786
112.751,-7.10786
113,-7.10786
113.249,-7.10786
113.498,-7.10786
113.747,-7.10786
114.016,-7.10786
114.505,-7.10786
106.564,-7.11755
106.813,-7.11755
107.062,-7.11755
107.311,-7.11755
107.56,-7.11755
107.81,-7.11755
108.059,-7.11755
108.308,-7.11755
108.557,-7.11755
108.806,-7.11755
109.055,-7.11755
109.304,-7.11755
109.553,-7.11755
109.802,-7.11755
110.051,-7.11755
110.3,-7.11755
110.549,-7.11755
110.798,-7.11755
111.048,-7.11755
111.297,-7.11755
111.546,-7.11755
111.795,-7.11755
112.044,-7.11755
112.293,-7.11755
112.542,-7.11755
112.841,-7.11755
113.09,-7.11755
113.339,-7.11755
113.588,-7.11755
113.837,-7.11755
114.315,-7.11755
114.634,-7.11755
106.644,-7.12724
106.893,-7.12724
107.142,-7.12724
107.391,-7.12724
107.64,-7.12724
107.889,-7.12724
108.138,-7.12724
108.387,-7.12724
108.636,-7.12724
108.886,-7.12724
109.135,-7.12724
109.384,-7.12724
109.633,-7.12724
109.882,-7.12724
110.131,-7.12724
110.38,-7.12724
110.629,-7.12724
110.878,-7.12724
111.127,-7.12724
111.376,-7.12724
111.625,-7.12724
111.874,-7.12724
112.124,-7.12724
112.373,-7.12724
112.622,-7.12724
112.891,-7.12724
113.14,-7.12724
113.389,-7.12724
113.638,-7.12724
113.897,-7.12724
114.445,-7.12724
106.475,-7.13692
106.724,-7.13692
106.973,-7.13692
107.222,-7.13692
107.471,-7.13692
107.72,-7.13692
107.969,-7.13692
108.218,-7.13692
108.467,-7.13692
108.716,-7.13692
108.965,-7.13692
109.214,-7.13692
109.463,-7.13692
109.712,-7.13692
109.962,-7.13692
110.211,-7.13692
110.46,-7.13692
110.709,-7.13692
110.958,-7.13692
111.207,-7.13692
111.456,-7.13692
111.705,-7.13692
111.954,-7.13692
112.203,-7.13692
112.452,-7.13692
112.711,-7.13692
112.96,-7.13692
113.209,-7.13692
113.459,-7.13692
113.757,-7.13692
114.365,-7.13692
114.654,-7.13692
106.664,-7.14661
106.913,-7.14661
107.162,-7.14661
107.411,-7.14661
107.66,-7.14661
107.909,-7.14661
108.158,-7.14661
108.407,-7.14661
108.656,-7.14661
108.905,-7.14661
109.155,-7.14661
109.404,-7.14661
109.653,-7.14661
109.902,-7.14661
110.151,-7.14661
110.4,-7.14661
110.649,-7.14661
110.898,-7.14661
111.147,-7.14661
111.396,-7.14661
111.645,-7.14661
111.894,-7.14661
112.143,-7.14661
112.393,-7.14661
112.642,-7.14661
112.891,-7.14661
113.14,-7.14661
113.389,-7.14661
113.807,-7.14661
114.445,-7.14661
106.484,-7.1563
106.734,-7.1563
106.983,-7.1563
107.232,-7.1563
107.481,-7.1563
107.73,-7.1563
107.979,-7.1563
108.228,-7.1563
108.477,-7.1563
108.726,-7.1563
108.975,-7.1563
109.224,-7.1563
109.473,-7.1563
109.722,-7.1563
109.972,-7.1563
110.221,-7.1563
110.47,-7.1563
110.719,-7.1563
110.968,-7.1563
111.217,-7.1563
111.466,-7.1563
111.715,-7.1563
111.964,-7.1563
112.213,-7.1563
112.462,-7.1563
112.711,-7.1563
112.96,-7.1563
113.209,-7.1563
113.459,-7.1563
114.395,-7.1563
106.494,-7.16598
106.744,-7.16598
106.993,-7.16598
107.242,-7.16598
107.491,-7.16598
107.74,-7.16598
107.989,-7.16598
108.238,-7.16598
108.487,-7.16598
108.736,-7.16598
108.985,-7.16598
109.234,-7.16598
109.483,-7.16598
109.732,-7.16598
109.981,-7.16598
110.231,-7.16598
110.48,-7.16598
110.729,-7.16598
110.978,-7.16598
111.227,-7.16598
111.476,-7.16598
111.725,-7.16598
111.974,-7.16598
112.223,-7.16598
112.472,-7.16598
112.721,-7.16598
112.97,-7.16598
113.219,-7.16598
113.469,-7.16598
114.375,-7.16598
106.494,-7.17567
106.744,-7.17567
106.993,-7.17567
107.242,-7.17567
107.491,-7.17567
107.74,-7.17567
107.989,-7.17567
108.238,-7.17567
108.487,-7.17567
108.736,-7.17567
108.985,-7.17567
109.234,-7.17567
109.483,-7.17567
109.732,-7.17567
109.981,-7.17567
110.231,-7.17567
110.48,-7.17567
110.729,-7.17567
110.978,-7.17567
111.227,-7.17567
111.476,-7.17567
111.725,-7.17567
111.974,-7.17567
112.223,-7.17567
112.472,-7.17567
112.731,-7.17567
112.98,-7.17567
113.229,-7.17567
113.478,-7.17567
106.395,-7.18536
106.644,-7.18536
106.893,-7.18536
107.142,-7.18536
107.391,-7.18536
107.64,-7.18536
107.889,-7.18536
108.138,-7.18536
108.387,-7.18536
108.636,-7.18536
108.886,-7.18536
109.135,-7.18536
109.384,-7.18536
109.633,-7.18536
109.882,-7.18536
110.131,-7.18536
110.38,-7.18536
110.629,-7.18536
110.878,-7.18536
111.127,-7.18536
111.376,-7.18536
111.625,-7.18536
111.874,-7.18536
112.124,-7.18536
112.373,-7.18536
112.622,-7.18536
112.97,-7.18536
113.219,-7.18536
113.469,-7.18536
106.425,-7.19505
106.674,-7.19505
106.923,-7.19505
107.172,-7.19505
107.421,-7.19505
107.67,-7.19505
107.919,-7.19505
108.168,-7.19505
108.417,-7.19505
108.666,-7.19505
108.915,-7.19505
109.165,-7.19505
109.414,-7.19505
109.663,-7.19505
109.912,-7.19505
110.161,-7.19505
110.41,-7.19505
110.659,-7.19505
110.908,-7.19505
111.157,-7.19505
111.406,-7.19505
111.655,-7.19505
111.904,-7.19505
112.153,-7.19505
112.402,-7.19505
112.652,-7.19505
113.02,-7.19505
113.269,-7.19505
113.518,-7.19505
106.405,-7.20473
106.654,-7.20473
106.903,-7.20473
107.152,-7.20473
107.401,-7.20473
107.65,-7.20473
107.899,-7.20473
108.148,-7.20473
108.397,-7.20473
108.646,-7.20473
108.896,-7.20473
109.145,-7.20473
109.394,-7.20473
109.643,-7.20473
109.892,-7.20473
110.141,-7.20473
110.39,-7.20473
110.639,-7.20473
110.888,-7.20473
111.137,-7.20473
111.386,-7.20473
111.635,-7.20473
111.884,-7.20473
112.133,-7.20473
112.383,-7.20473
112.632,-7.20473
113.03,-7.20473
113.279,-7.20473
113.528,-7.20473
106.375,-7.21442
106.624,-7.21442
106.873,-7.21442
107.122,-7.21442
107.371,-7.21442
107.62,-7.21442
107.869,-7.21442
108.118,-7.21442
108.367,-7.21442
108.617,-7.21442
108.866,-7.21442
109.115,-7.21442
109.364,-7.21442
109.613,-7.21442
109.862,-7.21442
110.111,-7.21442
110.36,-7.21442
110.609,-7.21442
110.858,-7.21442
111.107,-7.21442
111.356,-7.21442
111.605,-7.21442
111.855,-7.21442
112.104,-7.21442
112.353,-7.21442
112.602,-7.21442
113,-7.21442
113.249,-7.21442
113.498,-7.21442
113.937,-7.21442
106.584,-7.22411
106.833,-7.22411
107.082,-7.22411
107.331,-7.22411
107.58,-7.22411
107.829,-7.22411
108.079,-7.22411
108.328,-7.22411
108.577,-7.22411
108.826,-7.22411
109.075,-7.22411
109.324,-7.22411
109.573,-7.22411
109.822,-7.22411
110.071,-7.22411
110.32,-7.22411
110.569,-7.22411
110.818,-7.22411
111.067,-7.22411
111.317,-7.22411
111.566,-7.22411
111.815,-7.22411
112.064,-7.22411
112.313,-7.22411
112.562,-7.22411
112.811,-7.22411
113.229,-7.22411
113.478,-7.22411
113.927,-7.22411
106.564,-7.23379
106.813,-7.23379
107.062,-7.23379
107.311,-7.23379
107.56,-7.23379
107.81,-7.23379
108.059,-7.23379
108.308,-7.23379
108.557,-7.23379
108.806,-7.23379
109.055,-7.23379
109.304,-7.23379
109.553,-7.23379
109.802,-7.23379
110.051,-7.23379
110.3,-7.23379
110.549,-7.23379
110.798,-7.23379
111.048,-7.23379
111.297,-7.23379
111.546,-7.23379
111.795,-7.23379
112.044,-7.23379
112.293,-7.23379
112.542,-7.23379
112.791,-7.23379
113.249,-7.23379
113.498,-7.23379
106.405,-7.24348
106.654,-7.24348
106.903,-7.24348
107.152,-7.24348
107.401,-7.24348
107.65,-7.24348
107.899,-7.24348
108.148,-7.24348
108.397,-7.24348
108.646,-7.24348
108.896,-7.24348
109.145,-7.24348
109.394,-7.24348
109.643,-7.24348
109.892,-7.24348
110.141,-7.24348
110.39,-7.24348
110.639,-7.24348
110.888,-7.24348
111.137,-7.24348
111.386,-7.24348
111.635,-7.24348
111.884,-7.24348
112.133,-7.24348
112.383,-7.24348
112.632,-7.24348
113.13,-7.24348
113.538,-7.24348
106.484,-7.25317
106.734,-7.25317
106.983,-7.25317
107.232,-7.25317
107.481,-7.25317
107.73,-7.25317
107.979,-7.25317
108.228,-7.25317
108.477,-7.25317
108.726,-7.25317
108.975,-7.25317
109.224,-7.25317
109.473,-7.25317
109.722,-7.25317
109.972,-7.25317
110.221,-7.25317
110.47,-7.25317
110.719,-7.25317
110.968,-7.25317
111.217,-7.25317
111.466,-7.25317
111.715,-7.25317
111.964,-7.25317
112.213,-7.25317
112.462,-7.25317
112.711,-7.25317
106.405,-7.26286
106.654,-7.26286
106.903,-7.26286
107.152,-7.26286
107.401,-7.26286
107.65,-7.26286
107.899,-7.26286
108.148,-7.26286
108.397,-7.26286
108.646,-7.26286
108.896,-7.26286
109.145,-7.26286
109.394,-7.26286
109.643,-7.26286
109.892,-7.26286
110.141,-7.26286
110.39,-7.26286
110.639,-7.26286
110.888,-7.26286
111.137,-7.26286
111.386,-7.26286
111.635,-7.26286
111.884,-7.26286
112.133,-7.26286
112.383,-7.26286
112.632,-7.26286
106.365,-7.27254
106.614,-7.27254
106.863,-7.27254
107.112,-7.27254
107.361,-7.27254
107.61,-7.27254
107.859,-7.27254
108.108,-7.27254
108.358,-7.27254
108.607,-7.27254
108.856,-7.27254
109.105,-7.27254
109.354,-7.27254
109.603,-7.27254
109.852,-7.27254
110.101,-7.27254
110.35,-7.27254
110.599,-7.27254
110.848,-7.27254
111.097,-7.27254
111.346,-7.27254
111.595,-7.27254
111.845,-7.27254
112.094,-7.27254
112.343,-7.27254
112.592,-7.27254
106.355,-7.28223
106.604,-7.28223
106.853,-7.28223
107.102,-7.28223
107.351,-7.28223
107.6,-7.28223
107.849,-7.28223
108.098,-7.28223
108.348,-7.28223
108.597,-7.28223
108.846,-7.28223
109.095,-7.28223
109.344,-7.28223
109.593,-7.28223
109.842,-7.28223
110.091,-7.28223
110.34,-7.28223
110.589,-7.28223
110.838,-7.28223
111.087,-7.28223
111.336,-7.28223
111.586,-7.28223
111.835,-7.28223
112.084,-7.28223
112.333,-7.28223
112.582,-7.28223
112.831,-7.28223
106.594,-7.29192
106.843,-7.29192
107.092,-7.29192
107.341,-7.29192
107.59,-7.29192
107.839,-7.29192
108.089,-7.29192
108.338,-7.29192
108.587,-7.29192
108.836,-7.29192
109.085,-7.29192
109.334,-7.29192
109.583,-7.29192
109.832,-7.29192
110.081,-7.29192
110.33,-7.29192
110.579,-7.29192
110.828,-7.29192
111.077,-7.29192
111.326,-7.29192
111.576,-7.29192
111.825,-7.29192
112.074,-7.29192
112.323,-7.29192
112.572,-7.29192
112.821,-7.29192
106.554,-7.3016
106.803,-7.3016
107.052,-7.3016
107.301,-7.3016
107.551,-7.3016
107.8,-7.3016
108.049,-7.3016
108.298,-7.3016
108.547,-7.3016
108.796,-7.3016
109.045,-7.3016
109.294,-7.3016
109.543,-7.3016
109.792,-7.3016
110.041,-7.3016
110.29,-7.3016
110.539,-7.3016
110.788,-7.3016
111.038,-7.3016
111.287,-7.3016
111.536,-7.3016
111.785,-7.3016
112.034,-7.3016
112.283,-7.3016
112.532,-7.3016
112.781,-7.3016
106.484,-7.31129
106.734,-7.31129
106.983,-7.31129
107.232,-7.31129
107.481,-7.31129
107.73,-7.31129
107.979,-7.31129
108.228,-7.31129
108.477,-7.31129
108.726,-7.31129
108.975,-7.31129
109.224,-7.31129
109.473,-7.31129
109.722,-7.31129
109.972,-7.31129
110.221,-7.31129
110.47,-7.31129
110.719,-7.31129
110.968,-7.31129
111.217,-7.31129
111.466,-7.31129
111.715,-7.31129
111.964,-7.31129
112.213,-7.31129
112.462,-7.31129
112.711,-7.31129
106.415,-7.32098
106.664,-7.32098
106.913,-7.32098
107.162,-7.32098
107.411,-7.32098
107.66,-7.32098
107.909,-7.32098
108.158,-7.32098
108.407,-7.32098
108.656,-7.32098
108.905,-7.32098
109.155,-7.32098
109.404,-7.32098
109.653,-7.32098
109.902,-7.32098
110.151,-7.32098
110.4,-7.32098
110.649,-7.32098
110.898,-7.32098
111.147,-7.32098
111.396,-7.32098
111.645,-7.32098
111.894,-7.32098
112.143,-7.32098
112.393,-7.32098
112.642,-7.32098
113.229,-7.32098
106.604,-7.33067
106.853,-7.33067
107.102,-7.33067
107.351,-7.33067
107.6,-7.33067
107.849,-7.33067
108.098,-7.33067
108.348,-7.33067
108.597,-7.33067
108.846,-7.33067
109.095,-7.33067
109.344,-7.33067
109.593,-7.33067
109.842,-7.33067
110.091,-7.33067
110.34,-7.33067
110.589,-7.33067
110.838,-7.33067
111.087,-7.33067
111.336,-7.33067
111.586,-7.33067
111.835,-7.33067
112.084,-7.33067
112.333,-7.33067
112.582,-7.33067
112.831,-7.33067
106.584,-7.34035
106.833,-7.34035
107.082,-7.34035
107.331,-7.34035
107.58,-7.34035
107.829,-7.34035
108.079,-7.34035
108.328,-7.34035
108.577,-7.34035
108.826,-7.34035
109.075,-7.34035
109.324,-7.34035
109.573,-7.34035
109.822,-7.34035
110.071,-7.34035
110.32,-7.34035
110.569,-7.34035
110.818,-7.34035
111.067,-7.34035
111.317,-7.34035
111.566,-7.34035
111.815,-7.34035
112.064,-7.34035
112.313,-7.34035
112.562,-7.34035
112.811,-7.34035
106.594,-7.35004
106.843,-7.35004
107.092,-7.35004
107.341,-7.35004
107.59,-7.35004
107.839,-7.35004
108.089,-7.35004
108.338,-7.35004
108.587,-7.35004
108.836,-7.35004
109.085,-7.35004
109.334,-7.35004
109.583,-7.35004
109.832,-7.35004
110.081,-7.35004
110.33,-7.35004
110.579,-7.35004
110.828,-7.35004
111.077,-7.35004
111.326,-7.35004
111.576,-7.35004
111.825,-7.35004
112.074,-7.35004
112.323,-7.35004
112.572,-7.35004
112.821,-7.35004
106.614,-7.35973
106.863,-7.35973
107.112,-7.35973
107.361,-7.35973
107.61,-7.35973
107.859,-7.35973
108.108,-7.35973
108.358,-7.35973
108.607,-7.35973
108.856,-7.35973
109.105,-7.35973
109.354,-7.35973
109.603,-7.35973
109.852,-7.35973
110.101,-7.35973
110.35,-7.35973
110.599,-7.35973
110.848,-7.35973
111.097,-7.35973
111.346,-7.35973
111.595,-7.35973
111.845,-7.35973
112.094,-7.35973
112.343,-7.35973
112.592,-7.35973
106.385,-7.36941
106.634,-7.36941
106.883,-7.36941
107.132,-7.36941
107.381,-7.36941
107.63,-7.36941
107.879,-7.36941
108.128,-7.36941
108.377,-7.36941
108.627,-7.36941
108.876,-7.36941
109.125,-7.36941
109.374,-7.36941
109.623,-7.36941
109.872,-7.36941
110.121,-7.36941
110.37,-7.36941
110.619,-7.36941
110.868,-7.36941
111.117,-7.36941
111.366,-7.36941
111.615,-7.36941
111.864,-7.36941
112.114,-7.36941
112.363,-7.36941
112.612,-7.36941
106.395,-7.3791
106.664,-7.3791
106.913,-7.3791
107.162,-7.3791
107.411,-7.3791
107.66,-7.3791
107.909,-7.3791
108.158,-7.3791
108.407,-7.3791
108.656,-7.3791
108.905,-7.3791
109.155,-7.3791
109.404,-7.3791
109.653,-7.3791
109.902,-7.3791
110.151,-7.3791
110.4,-7.3791
110.649,-7.3791
110.898,-7.3791
111.147,-7.3791
111.396,-7.3791
111.645,-7.3791
111.894,-7.3791
112.143,-7.3791
112.393,-7.3791
112.642,-7.3791
106.475,-7.38879
106.724,-7.38879
106.973,-7.38879
107.222,-7.38879
107.471,-7.38879
107.72,-7.38879
107.969,-7.38879
108.218,-7.38879
108.467,-7.38879
108.716,-7.38879
108.965,-7.38879
109.214,-7.38879
109.463,-7.38879
109.712,-7.38879
109.962,-7.38879
110.211,-7.38879
110.46,-7.38879
110.709,-7.38879
110.958,-7.38879
111.207,-7.38879
111.456,-7.38879
111.705,-7.38879
111.954,-7.38879
112.203,-7.38879
112.452,-7.38879
112.701,-7.38879
106.554,-7.39848
106.803,-7.39848
107.052,-7.39848
107.301,-7.39848
107.551,-7.39848
107.8,-7.39848
108.049,-7.39848
108.298,-7.39848
108.547,-7.39848
108.796,-7.39848
109.045,-7.39848
109.294,-7.39848
109.543,-7.39848
109.792,-7.39848
110.041,-7.39848
110.29,-7.39848
110.539,-7.39848
110.788,-7.39848
111.038,-7.39848
111.287,-7.39848
111.536,-7.39848
111.785,-7.39848
112.034,-7.39848
112.283,-7.39848
112.532,-7.39848
112.781,-7.39848
106.674,-7.40816
106.923,-7.40816
107.172,-7.40816
107.421,-7.40816
107.67,-7.40816
107.919,-7.40816
108.168,-7.40816
108.417,-7.40816
108.666,-7.40816
108.915,-7.40816
109.165,-7.40816
109.414,-7.40816
109.663,-7.40816
109.912,-7.40816
110.161,-7.40816
110.41,-7.40816
110.659,-7.40816
110.908,-7.40816
111.157,-7.40816
111.406,-7.40816
111.655,-7.40816
111.904,-7.40816
112.153,-7.40816
112.402,-7.40816
112.652,-7.40816
106.564,-7.41785
106.813,-7.41785
107.062,-7.41785
107.311,-7.41785
107.56,-7.41785
107.81,-7.41785
108.059,-7.41785
108.308,-7.41785
108.557,-7.41785
108.806,-7.41785
109.055,-7.41785
109.304,-7.41785
109.553,-7.41785
109.802,-7.41785
110.051,-7.41785
110.3,-7.41785
110.549,-7.41785
110.798,-7.41785
111.048,-7.41785
111.297,-7.41785
111.546,-7.41785
111.795,-7.41785
112.044,-7.41785
112.293,-7.41785
112.542,-7.41785
112.791,-7.41785
106.724,-7.42754
106.973,-7.42754
107.222,-7.42754
107.471,-7.42754
107.72,-7.42754
107.969,-7.42754
108.218,-7.42754
108.467,-7.42754
108.716,-7.42754
108.965,-7.42754
109.214,-7.42754
109.463,-7.42754
109.712,-7.42754
109.962,-7.42754
110.211,-7.42754
110.46,-7.42754
110.709,-7.42754
110.958,-7.42754
111.207,-7.42754
111.456,-7.42754
111.705,-7.42754
111.954,-7.42754
112.203,-7.42754
112.452,-7.42754
112.701,-7.42754
106.734,-7.43722
106.983,-7.43722
107.232,-7.43722
107.481,-7.43722
107.73,-7.43722
107.979,-7.43722
108.228,-7.43722
108.477,-7.43722
108.726,-7.43722
108.975,-7.43722
109.224,-7.43722
109.473,-7.43722
109.722,-7.43722
109.972,-7.43722
110.221,-7.43722
110.47,-7.43722
110.719,-7.43722
110.968,-7.43722
111.217,-7.43722
111.466,-7.43722
111.715,-7.43722
111.964,-7.43722
112.213,-7.43722
112.462,-7.43722
112.711,-7.43722
106.833,-7.44691
107.082,-7.44691
107.331,-7.44691
107.58,-7.44691
107.829,-7.44691
108.079,-7.44691
108.328,-7.44691
108.577,-7.44691
108.826,-7.44691
109.075,-7.44691
109.324,-7.44691
109.573,-7.44691
109.822,-7.44691
110.071,-7.44691
110.32,-7.44691
110.569,-7.44691
110.818,-7.44691
111.067,-7.44691
111.317,-7.44691
111.566,-7.44691
111.815,-7.44691
112.064,-7.44691
112.313,-7.44691
112.562,-7.44691
112.811,-7.44691
107.132,-7.4566
107.381,-7.4566
107.63,-7.4566
107.879,-7.4566
108.128,-7.4566
108.377,-7.4566
108.627,-7.4566
108.876,-7.4566
109.125,-7.4566
109.374,-7.4566
109.623,-7.4566
109.872,-7.4566
110.121,-7.4566
110.37,-7.4566
110.619,-7.4566
110.868,-7.4566
111.117,-7.4566
111.366,-7.4566
111.615,-7.4566
111.864,-7.4566
112.114,-7.4566
112.363,-7.4566
112.612,-7.4566
107.052,-7.46629
107.301,-7.46629
107.551,-7.46629
107.8,-7.46629
108.049,-7.46629
108.298,-7.46629
108.547,-7.46629
108.796,-7.46629
109.045,-7.46629
109.294,-7.46629
109.543,-7.46629
109.792,-7.46629
110.041,-7.46629
110.29,-7.46629
110.539,-7.46629
110.788,-7.46629
111.038,-7.46629
111.287,-7.46629
111.536,-7.46629
111.785,-7.46629
112.034,-7.46629
112.283,-7.46629
112.532,-7.46629
112.781,-7.46629
107.301,-7.47597
107.551,-7.47597
107.8,-7.47597
108.049,-7.47597
108.298,-7.47597
108.547,-7.47597
108.796,-7.47597
109.045,-7.47597
109.294,-7.47597
109.543,-7.47597
109.792,-7.47597
110.041,-7.47597
110.29,-7.47597
110.539,-7.47597
110.788,-7.47597
111.038,-7.47597
111.287,-7.47597
111.536,-7.47597
111.785,-7.47597
112.034,-7.47597
112.283,-7.47597
112.532,-7.47597
112.781,-7.47597
107.351,-7.48566
107.6,-7.48566
107.849,-7.48566
108.098,-7.48566
108.348,-7.48566
108.597,-7.48566
108.846,-7.48566
109.095,-7.48566
109.344,-7.48566
109.593,-7.48566
109.842,-7.48566
110.091,-7.48566
110.34,-7.48566
110.589,-7.48566
110.838,-7.48566
111.087,-7.48566
111.336,-7.48566
111.586,-7.48566
111.835,-7.48566
112.084,-7.48566
112.333,-7.48566
112.582,-7.48566
112.831,-7.48566
107.441,-7.49535
107.69,-7.49535
107.939,-7.49535
108.188,-7.49535
108.437,-7.49535
108.686,-7.49535
108.935,-7.49535
109.184,-7.49535
109.434,-7.49535
109.683,-7.49535
109.932,-7.49535
110.181,-7.49535
110.43,-7.49535
110.679,-7.49535
110.928,-7.49535
111.177,-7.49535
111.426,-7.49535
111.675,-7.49535
111.924,-7.49535
112.173,-7.49535
112.422,-7.49535
112.671,-7.49535
107.321,-7.50503
107.57,-7.50503
107.82,-7.50503
108.069,-7.50503
108.318,-7.50503
108.567,-7.50503
108.816,-7.50503
109.065,-7.50503
109.314,-7.50503
109.563,-7.50503
109.812,-7.50503
110.061,-7.50503
110.31,-7.50503
110.559,-7.50503
110.808,-7.50503
111.057,-7.50503
111.307,-7.50503
111.556,-7.50503
111.805,-7.50503
112.054,-7.50503
112.303,-7.50503
112.552,-7.50503
112.801,-7.50503
107.57,-7.51472
107.82,-7.51472
108.069,-7.51472
108.318,-7.51472
108.567,-7.51472
108.816,-7.51472
109.065,-7.51472
109.314,-7.51472
109.563,-7.51472
109.812,-7.51472
110.061,-7.51472
110.31,-7.51472
110.559,-7.51472
110.808,-7.51472
111.057,-7.51472
111.307,-7.51472
111.556,-7.51472
111.805,-7.51472
112.054,-7.51472
112.303,-7.51472
112.552,-7.51472
112.801,-7.51472
107.63,-7.52441
107.879,-7.52441
108.128,-7.52441
108.377,-7.52441
108.627,-7.52441
108.876,-7.52441
109.125,-7.52441
109.374,-7.52441
109.623,-7.52441
109.872,-7.52441
110.121,-7.52441
110.37,-7.52441
110.619,-7.52441
110.868,-7.52441
111.117,-7.52441
111.366,-7.52441
111.615,-7.52441
111.864,-7.52441
112.114,-7.52441
112.363,-7.52441
112.612,-7.52441
112.861,-7.52441
107.69,-7.5341
107.939,-7.5341
108.188,-7.5341
108.437,-7.5341
108.686,-7.5341
108.935,-7.5341
109.184,-7.5341
109.434,-7.5341
109.683,-7.5341
109.932,-7.5341
110.181,-7.5341
110.43,-7.5341
110.679,-7.5341
110.928,-7.5341
111.177,-7.5341
111.426,-7.5341
111.675,-7.5341
111.924,-7.5341
112.173,-7.5341
112.422,-7.5341
112.671,-7.5341
107.511,-7.54378
107.76,-7.54378
108.009,-7.54378
108.258,-7.54378
108.507,-7.54378
108.756,-7.54378
109.005,-7.54378
109.254,-7.54378
109.503,-7.54378
109.752,-7.54378
110.001,-7.54378
110.25,-7.54378
110.5,-7.54378
110.749,-7.54378
110.998,-7.54378
111.247,-7.54378
111.496,-7.54378
111.745,-7.54378
111.994,-7.54378
112.243,-7.54378
112.492,-7.54378
112.741,-7.54378
107.6,-7.55347
107.849,-7.55347
108.098,-7.55347
108.348,-7.55347
108.597,-7.55347
108.846,-7.55347
109.095,-7.55347
109.344,-7.55347
109.593,-7.55347
109.842,-7.55347
110.091,-7.55347
110.34,-7.55347
110.589,-7.55347
110.838,-7.55347
111.087,-7.55347
111.336,-7.55347
111.586,-7.55347
111.835,-7.55347
112.084,-7.55347
112.333,-7.55347
112.582,-7.55347
112.831,-7.55347
107.73,-7.56316
107.979,-7.56316
108.228,-7.56316
108.477,-7.56316
108.726,-7.56316
108.975,-7.56316
109.224,-7.56316
109.473,-7.56316
109.722,-7.56316
109.972,-7.56316
110.221,-7.56316
110.47,-7.56316
110.719,-7.56316
110.968,-7.56316
111.217,-7.56316
111.466,-7.56316
111.715,-7.56316
111.964,-7.56316
112.213,-7.56316
112.462,-7.56316
112.711,-7.56316
107.64,-7.57284
107.889,-7.57284
108.138,-7.57284
108.387,-7.57284
108.636,-7.57284
108.886,-7.57284
109.135,-7.57284
109.384,-7.57284
109.633,-7.57284
109.882,-7.57284
110.131,-7.57284
110.38,-7.57284
110.629,-7.57284
110.878,-7.57284
111.127,-7.57284
111.376,-7.57284
111.625,-7.57284
111.874,-7.57284
112.124,-7.57284
112.373,-7.57284
112.622,-7.57284
107.6,-7.58253
107.849,-7.58253
108.098,-7.58253
108.348,-7.58253
108.597,-7.58253
108.846,-7.58253
109.095,-7.58253
109.344,-7.58253
109.593,-7.58253
109.842,-7.58253
110.091,-7.58253
110.34,-7.58253
110.589,-7.58253
110.838,-7.58253
111.087,-7.58253
111.336,-7.58253
111.586,-7.58253
111.835,-7.58253
112.084,-7.58253
112.333,-7.58253
112.582,-7.58253
112.831,-7.58253
107.82,-7.59222
108.069,-7.59222
108.318,-7.59222
108.567,-7.59222
108.816,-7.59222
109.065,-7.59222
109.314,-7.59222
109.563,-7.59222
109.812,-7.59222
110.061,-7.59222
110.31,-7.59222
110.559,-7.59222
110.808,-7.59222
111.057,-7.59222
111.307,-7.59222
111.556,-7.59222
111.805,-7.59222
112.054,-7.59222
112.303,-7.59222
112.552,-7.59222
112.801,-7.59222
107.74,-7.60191
107.989,-7.60191
108.238,-7.60191
108.487,-7.60191
108.736,-7.60191
108.985,-7.60191
109.234,-7.60191
109.483,-7.60191
109.732,-7.60191
109.981,-7.60191
110.231,-7.60191
110.48,-7.60191
110.729,-7.60191
110.978,-7.60191
111.227,-7.60191
111.476,-7.60191
111.725,-7.60191
111.974,-7.60191
112.223,-7.60191
112.472,-7.60191
112.721,-7.60191
107.64,-7.61159
107.889,-7.61159
108.138,-7.61159
108.387,-7.61159
108.636,-7.61159
108.886,-7.61159
109.135,-7.61159
109.384,-7.61159
109.633,-7.61159
109.882,-7.61159
110.131,-7.61159
110.38,-7.61159
110.629,-7.61159
110.878,-7.61159
111.127,-7.61159
111.376,-7.61159
111.625,-7.61159
111.874,-7.61159
112.124,-7.61159
112.373,-7.61159
112.622,-7.61159
112.871,-7.61159
107.78,-7.62128
108.029,-7.62128
108.278,-7.62128
108.527,-7.62128
108.776,-7.62128
109.025,-7.62128
109.274,-7.62128
109.523,-7.62128
109.772,-7.62128
110.021,-7.62128
110.27,-7.62128
110.519,-7.62128
110.769,-7.62128
111.018,-7.62128
111.267,-7.62128
111.516,-7.62128
111.765,-7.62128
112.014,-7.62128
112.263,-7.62128
112.512,-7.62128
112.761,-7.62128
114.007,-7.62128
107.82,-7.63097
108.069,-7.63097
108.318,-7.63097
108.567,-7.63097
108.816,-7.63097
109.065,-7.63097
109.314,-7.63097
109.563,-7.63097
109.812,-7.63097
110.061,-7.63097
110.31,-7.63097
110.559,-7.63097
110.808,-7.63097
111.057,-7.63097
111.307,-7.63097
111.556,-7.63097
111.805,-7.63097
112.054,-7.63097
112.303,-7.63097
112.552,-7.63097
112.801,-7.63097
113.05,-7.63097
107.79,-7.64065
108.039,-7.64065
108.288,-7.64065
108.537,-7.64065
108.786,-7.64065
109.035,-7.64065
109.284,-7.64065
109.533,-7.64065
109.782,-7.64065
110.031,-7.64065
110.28,-7.64065
110.529,-7.64065
110.779,-7.64065
111.028,-7.64065
111.277,-7.64065
111.526,-7.64065
111.775,-7.64065
112.024,-7.64065
112.273,-7.64065
112.522,-7.64065
112.771,-7.64065
113.02,-7.64065
107.73,-7.65034
107.979,-7.65034
108.228,-7.65034
108.477,-7.65034
108.726,-7.65034
108.975,-7.65034
109.224,-7.65034
109.473,-7.65034
109.722,-7.65034
109.972,-7.65034
110.221,-7.65034
110.47,-7.65034
110.719,-7.65034
110.968,-7.65034
111.217,-7.65034
111.466,-7.65034
111.715,-7.65034
111.964,-7.65034
112.213,-7.65034
112.462,-7.65034
112.711,-7.65034
112.96,-7.65034
114.076,-7.65034
107.899,-7.66003
108.148,-7.66003
108.397,-7.66003
108.646,-7.66003
108.896,-7.66003
109.145,-7.66003
109.394,-7.66003
109.643,-7.66003
109.892,-7.66003
110.141,-7.66003
110.39,-7.66003
110.639,-7.66003
110.888,-7.66003
111.137,-7.66003
111.386,-7.66003
111.635,-7.66003
111.884,-7.66003
112.133,-7.66003
112.383,-7.66003
112.632,-7.66003
112.881,-7.66003
113.269,-7.66003
107.75,-7.66972
107.999,-7.66972
108.248,-7.66972
108.497,-7.66972
108.746,-7.66972
108.995,-7.66972
109.244,-7.66972
109.493,-7.66972
109.742,-7.66972
109.991,-7.66972
110.241,-7.66972
110.49,-7.66972
110.739,-7.66972
110.988,-7.66972
111.237,-7.66972
111.486,-7.66972
111.735,-7.66972
111.984,-7.66972
112.233,-7.66972
112.482,-7.66972
112.731,-7.66972
112.98,-7.66972
113.947,-7.66972
107.77,-7.6794
108.019,-7.6794
108.268,-7.6794
108.517,-7.6794
108.766,-7.6794
109.015,-7.6794
109.264,-7.6794
109.513,-7.6794
109.762,-7.6794
110.011,-7.6794
110.26,-7.6794
110.51,-7.6794
110.759,-7.6794
111.008,-7.6794
111.257,-7.6794
111.506,-7.6794
111.755,-7.6794
112.004,-7.6794
112.253,-7.6794
112.502,-7.6794
112.751,-7.6794
113,-7.6794
113.877,-7.6794
107.77,-7.68909
108.019,-7.68909
108.268,-7.68909
108.517,-7.68909
108.766,-7.68909
109.015,-7.68909
109.264,-7.68909
109.513,-7.68909
109.762,-7.68909
110.011,-7.68909
110.26,-7.68909
110.51,-7.68909
110.759,-7.68909
111.008,-7.68909
111.257,-7.68909
111.506,-7.68909
111.755,-7.68909
112.004,-7.68909
112.253,-7.68909
112.502,-7.68909
112.751,-7.68909
113,-7.68909
113.837,-7.68909
114.086,-7.68909
107.969,-7.69878
108.218,-7.69878
108.467,-7.69878
108.736,-7.69878
108.985,-7.69878
109.234,-7.69878
109.483,-7.69878
109.732,-7.69878
109.981,-7.69878
110.231,-7.69878
110.48,-7.69878
110.729,-7.69878
110.978,-7.69878
111.227,-7.69878
111.476,-7.69878
111.725,-7.69878
111.974,-7.69878
112.223,-7.69878
112.472,-7.69878
112.721,-7.69878
112.97,-7.69878
113.548,-7.69878
113.977,-7.69878
114.226,-7.69878
108.019,-7.70846
108.268,-7.70846
108.517,-7.70846
108.896,-7.70846
109.224,-7.70846
109.473,-7.70846
109.722,-7.70846
109.972,-7.70846
110.221,-7.70846
110.47,-7.70846
110.719,-7.70846
110.968,-7.70846
111.217,-7.70846
111.466,-7.70846
111.715,-7.70846
111.964,-7.70846
112.213,-7.70846
112.462,-7.70846
112.711,-7.70846
112.96,-7.70846
113.449,-7.70846
113.728,-7.70846
114.036,-7.70846
107.82,-7.71815
108.069,-7.71815
108.318,-7.71815
108.676,-7.71815
108.995,-7.71815
109.483,-7.71815
109.732,-7.71815
109.981,-7.71815
110.231,-7.71815
110.48,-7.71815
110.729,-7.71815
110.978,-7.71815
111.227,-7.71815
111.476,-7.71815
111.725,-7.71815
111.974,-7.71815
112.223,-7.71815
112.472,-7.71815
112.721,-7.71815
112.97,-7.71815
113.399,-7.71815
113.648,-7.71815
113.917,-7.71815
114.166,-7.71815
107.939,-7.72784
108.188,-7.72784
108.437,-7.72784
108.876,-7.72784
109.424,-7.72784
109.673,-7.72784
109.922,-7.72784
110.171,-7.72784
110.42,-7.72784
110.669,-7.72784
110.918,-7.72784
111.167,-7.72784
111.416,-7.72784
111.665,-7.72784
111.914,-7.72784
112.163,-7.72784
112.412,-7.72784
112.662,-7.72784
112.911,-7.72784
113.16,-7.72784
113.518,-7.72784
113.767,-7.72784
114.016,-7.72784
114.266,-7.72784
108.039,-7.73753
108.288,-7.73753
108.656,-7.73753
108.985,-7.73753
109.553,-7.73753
109.802,-7.73753
110.051,-7.73753
110.3,-7.73753
110.549,-7.73753
110.798,-7.73753
111.048,-7.73753
111.297,-7.73753
111.546,-7.73753
111.795,-7.73753
112.044,-7.73753
112.293,-7.73753
112.542,-7.73753
112.791,-7.73753
113.04,-7.73753
113.369,-7.73753
113.618,-7.73753
113.867,-7.73753
114.116,-7.73753
114.365,-7.73753
108.059,-7.74721
108.308,-7.74721
108.796,-7.74721
109.045,-7.74721
109.603,-7.74721
109.852,-7.74721
110.101,-7.74721
110.35,-7.74721
110.599,-7.74721
110.848,-7.74721
111.097,-7.74721
111.346,-7.74721
111.595,-7.74721
111.845,-7.74721
112.094,-7.74721
112.343,-7.74721
112.592,-7.74721
112.841,-7.74721
113.09,-7.74721
113.409,-7.74721
113.658,-7.74721
113.907,-7.74721
114.156,-7.74721
107.879,-7.7569
108.198,-7.7569
108.447,-7.7569
108.975,-7.7569
109.533,-7.7569
109.782,-7.7569
110.031,-7.7569
110.28,-7.7569
110.529,-7.7569
110.779,-7.7569
111.028,-7.7569
111.277,-7.7569
111.526,-7.7569
111.775,-7.7569
112.024,-7.7569
112.273,-7.7569
112.522,-7.7569
112.771,-7.7569
113.02,-7.7569
113.269,-7.7569
113.528,-7.7569
113.777,-7.7569
114.026,-7.7569
114.276,-7.7569
108.098,-7.76659
108.348,-7.76659
108.955,-7.76659
109.503,-7.76659
109.752,-7.76659
110.001,-7.76659
110.25,-7.76659
110.5,-7.76659
110.749,-7.76659
110.998,-7.76659
111.247,-7.76659
111.496,-7.76659
111.745,-7.76659
111.994,-7.76659
112.243,-7.76659
112.492,-7.76659
112.741,-7.76659
112.99,-7.76659
113.239,-7.76659
113.488,-7.76659
113.738,-7.76659
113.987,-7.76659
114.236,-7.76659
108.089,-7.77628
108.338,-7.77628
108.985,-7.77628
109.543,-7.77628
109.792,-7.77628
110.041,-7.77628
110.29,-7.77628
110.539,-7.77628
110.788,-7.77628
111.038,-7.77628
111.287,-7.77628
111.536,-7.77628
111.785,-7.77628
112.034,-7.77628
112.283,-7.77628
112.532,-7.77628
112.781,-7.77628
113.03,-7.77628
113.279,-7.77628
113.528,-7.77628
113.777,-7.77628
114.026,-7.77628
114.276,-7.77628
108.128,-7.78596
108.377,-7.78596
109.414,-7.78596
109.752,-7.78596
110.001,-7.78596
110.25,-7.78596
110.5,-7.78596
110.749,-7.78596
110.998,-7.78596
111.247,-7.78596
111.496,-7.78596
111.745,-7.78596
111.994,-7.78596
112.243,-7.78596
112.492,-7.78596
112.741,-7.78596
112.99,-7.78596
113.239,-7.78596
113.488,-7.78596
113.738,-7.78596
113.987,-7.78596
114.236,-7.78596
108.118,-7.79565
108.367,-7.79565
109.623,-7.79565
109.872,-7.79565
110.121,-7.79565
110.37,-7.79565
110.619,-7.79565
110.868,-7.79565
111.117,-7.79565
111.366,-7.79565
111.615,-7.79565
111.864,-7.79565
112.114,-7.79565
112.363,-7.79565
112.612,-7.79565
112.861,-7.79565
113.11,-7.79565
113.359,-7.79565
113.608,-7.79565
113.857,-7.79565
114.106,-7.79565
114.355,-7.79565
108.268,-7.80534
109.633,-7.80534
109.882,-7.80534
110.131,-7.80534
110.38,-7.80534
110.629,-7.80534
110.878,-7.80534
111.127,-7.80534
111.376,-7.80534
111.625,-7.80534
111.874,-7.80534
112.124,-7.80534
112.373,-7.80534
112.622,-7.80534
112.871,-7.80534
113.12,-7.80534
113.369,-7.80534
113.618,-7.80534
113.867,-7.80534
114.116,-7.80534
114.365,-7.80534
108.338,-7.81502
109.772,-7.81502
110.021,-7.81502
110.27,-7.81502
110.519,-7.81502
110.769,-7.81502
111.018,-7.81502
111.267,-7.81502
111.516,-7.81502
111.765,-7.81502
112.014,-7.81502
112.263,-7.81502
112.512,-7.81502
112.761,-7.81502
113.01,-7.81502
113.259,-7.81502
113.508,-7.81502
113.757,-7.81502
114.007,-7.81502
114.256,-7.81502
108.278,-7.82471
109.772,-7.82471
110.021,-7.82471
110.27,-7.82471
110.519,-7.82471
110.769,-7.82471
111.018,-7.82471
111.267,-7.82471
111.516,-7.82471
111.765,-7.82471
112.014,-7.82471
112.263,-7.82471
112.512,-7.82471
112.761,-7.82471
113.01,-7.82471
113.259,-7.82471
113.508,-7.82471
113.757,-7.82471
114.007,-7.82471
114.256,-7.82471
108.328,-7.8344
109.882,-7.8344
110.131,-7.8344
110.38,-7.8344
110.629,-7.8344
110.878,-7.8344
111.127,-7.8344
111.376,-7.8344
111.625,-7.8344
111.874,-7.8344
112.124,-7.8344
112.373,-7.8344
112.622,-7.8344
112.871,-7.8344
113.12,-7.8344
113.369,-7.8344
113.618,-7.8344
113.867,-7.8344
114.116,-7.8344
114.365,-7.8344
109.942,-7.84409
110.191,-7.84409
110.44,-7.84409
110.689,-7.84409
110.938,-7.84409
111.187,-7.84409
111.436,-7.84409
111.685,-7.84409
111.934,-7.84409
112.183,-7.84409
112.432,-7.84409
112.681,-7.84409
112.931,-7.84409
113.18,-7.84409
113.429,-7.84409
113.678,-7.84409
113.927,-7.84409
114.176,-7.84409
114.425,-7.84409
110.031,-7.85377
110.28,-7.85377
110.529,-7.85377
110.779,-7.85377
111.028,-7.85377
111.277,-7.85377
111.526,-7.85377
111.775,-7.85377
112.024,-7.85377
112.273,-7.85377
112.522,-7.85377
112.771,-7.85377
113.02,-7.85377
113.269,-7.85377
113.518,-7.85377
113.767,-7.85377
114.016,-7.85377
114.266,-7.85377
109.912,-7.86346
110.161,-7.86346
110.41,-7.86346
110.659,-7.86346
110.908,-7.86346
111.157,-7.86346
111.406,-7.86346
111.655,-7.86346
111.904,-7.86346
112.153,-7.86346
112.402,-7.86346
112.652,-7.86346
112.901,-7.86346
113.15,-7.86346
113.399,-7.86346
113.648,-7.86346
113.897,-7.86346
114.146,-7.86346
114.395,-7.86346
110.081,-7.87315
110.33,-7.87315
110.579,-7.87315
110.828,-7.87315
111.077,-7.87315
111.326,-7.87315
111.576,-7.87315
111.825,-7.87315
112.074,-7.87315
112.323,-7.87315
112.572,-7.87315
112.821,-7.87315
113.07,-7.87315
113.319,-7.87315
113.568,-7.87315
113.817,-7.87315
114.066,-7.87315
114.315,-7.87315
110.021,-7.88283
110.27,-7.88283
110.519,-7.88283
110.769,-7.88283
111.018,-7.88283
111.267,-7.88283
111.516,-7.88283
111.765,-7.88283
112.014,-7.88283
112.263,-7.88283
112.512,-7.88283
112.761,-7.88283
113.01,-7.88283
113.259,-7.88283
113.508,-7.88283
113.757,-7.88283
114.007,-7.88283
114.256,-7.88283
109.991,-7.89252
110.241,-7.89252
110.49,-7.89252
110.739,-7.89252
110.988,-7.89252
111.237,-7.89252
111.486,-7.89252
111.735,-7.89252
111.984,-7.89252
112.233,-7.89252
112.482,-7.89252
112.731,-7.89252
112.98,-7.89252
113.229,-7.89252
113.478,-7.89252
113.728,-7.89252
113.977,-7.89252
114.226,-7.89252
114.475,-7.89252
110.241,-7.90221
110.49,-7.90221
110.739,-7.90221
110.988,-7.90221
111.237,-7.90221
111.486,-7.90221
111.735,-7.90221
111.984,-7.90221
112.233,-7.90221
112.482,-7.90221
112.731,-7.90221
112.98,-7.90221
113.229,-7.90221
113.478,-7.90221
113.728,-7.90221
113.977,-7.90221
114.226,-7.90221
110.021,-7.9119
110.27,-7.9119
110.519,-7.9119
110.769,-7.9119
111.018,-7.9119
111.267,-7.9119
111.516,-7.9119
111.765,-7.9119
112.014,-7.9119
112.263,-7.9119
112.512,-7.9119
112.761,-7.9119
113.01,-7.9119
113.259,-7.9119
113.508,-7.9119
113.757,-7.9119
114.007,-7.9119
114.256,-7.9119
110.091,-7.92158
110.34,-7.92158
110.589,-7.92158
110.838,-7.92158
111.087,-7.92158
111.336,-7.92158
111.586,-7.92158
111.835,-7.92158
112.084,-7.92158
112.333,-7.92158
112.582,-7.92158
112.831,-7.92158
113.08,-7.92158
113.329,-7.92158
113.578,-7.92158
113.827,-7.92158
114.076,-7.92158
114.325,-7.92158
110.191,-7.93127
110.44,-7.93127
110.689,-7.93127
110.938,-7.93127
111.187,-7.93127
111.436,-7.93127
111.685,-7.93127
111.934,-7.93127
112.183,-7.93127
112.432,-7.93127
112.681,-7.93127
112.931,-7.93127
113.18,-7.93127
113.429,-7.93127
113.678,-7.93127
113.927,-7.93127
114.176,-7.93127
114.425,-7.93127
110.32,-7.94096
110.569,-7.94096
110.818,-7.94096
111.067,-7.94096
111.317,-7.94096
111.566,-7.94096
111.815,-7.94096
112.064,-7.94096
112.313,-7.94096
112.562,-7.94096
112.811,-7.94096
113.06,-7.94096
113.309,-7.94096
113.558,-7.94096
113.807,-7.94096
114.056,-7.94096
114.305,-7.94096
110.221,-7.95064
110.47,-7.95064
110.719,-7.95064
110.968,-7.95064
111.217,-7.95064
111.466,-7.95064
111.715,-7.95064
111.964,-7.95064
112.213,-7.95064
112.462,-7.95064
112.711,-7.95064
112.96,-7.95064
113.209,-7.95064
113.459,-7.95064
113.708,-7.95064
113.957,-7.95064
114.206,-7.95064
110.151,-7.96033
110.4,-7.96033
110.649,-7.96033
110.898,-7.96033
111.147,-7.96033
111.396,-7.96033
111.645,-7.96033
111.894,-7.96033
112.143,-7.96033
112.393,-7.96033
112.642,-7.96033
112.891,-7.96033
113.14,-7.96033
113.389,-7.96033
113.638,-7.96033
113.887,-7.96033
114.136,-7.96033
114.385,-7.96033
110.35,-7.97002
110.599,-7.97002
110.848,-7.97002
111.097,-7.97002
111.346,-7.97002
111.595,-7.97002
111.845,-7.97002
112.094,-7.97002
112.343,-7.97002
112.592,-7.97002
112.841,-7.97002
113.09,-7.97002
113.339,-7.97002
113.588,-7.97002
113.837,-7.97002
114.086,-7.97002
114.335,-7.97002
110.31,-7.97971
110.559,-7.97971
110.808,-7.97971
111.057,-7.97971
111.307,-7.97971
111.556,-7.97971
111.805,-7.97971
112.054,-7.97971
112.303,-7.97971
112.552,-7.97971
112.801,-7.97971
113.05,-7.97971
113.299,-7.97971
113.548,-7.97971
113.797,-7.97971
114.046,-7.97971
114.295,-7.97971
110.29,-7.98939
110.539,-7.98939
110.788,-7.98939
111.038,-7.98939
111.287,-7.98939
111.536,-7.98939
111.785,-7.98939
112.034,-7.98939
112.283,-7.98939
112.532,-7.98939
112.781,-7.98939
113.03,-7.98939
113.279,-7.98939
113.528,-7.98939
113.777,-7.98939
114.026,-7.98939
114.276,-7.98939
110.27,-7.99908
110.519,-7.99908
110.769,-7.99908
111.018,-7.99908
111.267,-7.99908
111.516,-7.99908
111.765,-7.99908
112.014,-7.99908
112.263,-7.99908
112.512,-7.99908
112.761,-7.99908
113.01,-7.99908
113.259,-7.99908
113.508,-7.99908
113.757,-7.99908
114.007,-7.99908
114.256,-7.99908
110.28,-8.00877
110.529,-8.00877
110.779,-8.00877
111.028,-8.00877
111.277,-8.00877
111.526,-8.00877
111.775,-8.00877
112.024,-8.00877
112.273,-8.00877
112.522,-8.00877
112.771,-8.00877
113.02,-8.00877
113.269,-8.00877
113.518,-8.00877
113.767,-8.00877
114.016,-8.00877
114.266,-8.00877
110.3,-8.01845
110.549,-8.01845
110.798,-8.01845
111.048,-8.01845
111.297,-8.01845
111.546,-8.01845
111.795,-8.01845
112.044,-8.01845
112.293,-8.01845
112.542,-8.01845
112.791,-8.01845
113.04,-8.01845
113.289,-8.01845
113.538,-8.01845
113.787,-8.01845
114.036,-8.01845
114.285,-8.01845
110.36,-8.02814
110.609,-8.02814
110.858,-8.02814
111.107,-8.02814
111.356,-8.02814
111.605,-8.02814
111.855,-8.02814
112.104,-8.02814
112.353,-8.02814
112.602,-8.02814
112.851,-8.02814
113.1,-8.02814
113.349,-8.02814
113.598,-8.02814
113.847,-8.02814
114.096,-8.02814
114.345,-8.02814
110.46,-8.03783
110.709,-8.03783
110.958,-8.03783
111.207,-8.03783
111.456,-8.03783
111.705,-8.03783
111.954,-8.03783
112.203,-8.03783
112.452,-8.03783
112.701,-8.03783
112.95,-8.03783
113.2,-8.03783
113.449,-8.03783
113.698,-8.03783
113.947,-8.03783
114.196,-8.03783
114.445,-8.03783
110.569,-8.04752
110.818,-8.04752
111.067,-8.04752
111.317,-8.04752
111.566,-8.04752
111.815,-8.04752
112.064,-8.04752
112.313,-8.04752
112.562,-8.04752
112.811,-8.04752
113.06,-8.04752
113.309,-8.04752
113.558,-8.04752
113.807,-8.04752
114.056,-8.04752
114.305,-8.04752
110.44,-8.0572
110.689,-8.0572
110.938,-8.0572
111.187,-8.0572
111.436,-8.0572
111.685,-8.0572
111.934,-8.0572
112.183,-8.0572
112.432,-8.0572
112.681,-8.0572
112.931,-8.0572
113.18,-8.0572
113.429,-8.0572
113.678,-8.0572
113.927,-8.0572
114.176,-8.0572
114.425,-8.0572
110.559,-8.06689
110.808,-8.06689
111.057,-8.06689
111.307,-8.06689
111.556,-8.06689
111.805,-8.06689
112.054,-8.06689
112.303,-8.06689
112.552,-8.06689
112.801,-8.06689
113.05,-8.06689
113.299,-8.06689
113.548,-8.06689
113.797,-8.06689
114.046,-8.06689
114.295,-8.06689
110.44,-8.07658
110.689,-8.07658
110.938,-8.07658
111.187,-8.07658
111.436,-8.07658
111.685,-8.07658
111.934,-8.07658
112.183,-8.07658
112.432,-8.07658
112.681,-8.07658
112.931,-8.07658
113.18,-8.07658
113.429,-8.07658
113.678,-8.07658
113.927,-8.07658
114.176,-8.07658
114.425,-8.07658
110.599,-8.08626
110.848,-8.08626
111.097,-8.08626
111.346,-8.08626
111.595,-8.08626
111.845,-8.08626
112.094,-8.08626
112.343,-8.08626
112.592,-8.08626
112.841,-8.08626
113.09,-8.08626
113.339,-8.08626
113.588,-8.08626
113.837,-8.08626
114.086,-8.08626
114.335,-8.08626
110.539,-8.09595
110.788,-8.09595
111.038,-8.09595
111.287,-8.09595
111.536,-8.09595
111.785,-8.09595
112.034,-8.09595
112.283,-8.09595
112.532,-8.09595
112.781,-8.09595
113.03,-8.09595
113.279,-8.09595
113.528,-8.09595
113.777,-8.09595
114.026,-8.09595
114.276,-8.09595
110.51,-8.10564
110.759,-8.10564
111.008,-8.10564
111.257,-8.10564
111.506,-8.10564
111.755,-8.10564
112.004,-8.10564
112.253,-8.10564
112.502,-8.10564
112.751,-8.10564
113,-8.10564
113.249,-8.10564
113.498,-8.10564
113.747,-8.10564
113.997,-8.10564
114.246,-8.10564
110.49,-8.11533
110.739,-8.11533
110.988,-8.11533
111.237,-8.11533
111.486,-8.11533
111.735,-8.11533
111.984,-8.11533
112.233,-8.11533
112.482,-8.11533
112.731,-8.11533
112.98,-8.11533
113.229,-8.11533
113.478,-8.11533
113.728,-8.11533
113.977,-8.11533
114.226,-8.11533
110.51,-8.12501
110.759,-8.12501
111.008,-8.12501
111.257,-8.12501
111.506,-8.12501
111.755,-8.12501
112.004,-8.12501
112.253,-8.12501
112.502,-8.12501
112.751,-8.12501
113,-8.12501
113.249,-8.12501
113.498,-8.12501
113.747,-8.12501
113.997,-8.12501
114.246,-8.12501
110.559,-8.1347
110.808,-8.1347
111.057,-8.1347
111.307,-8.1347
111.556,-8.1347
111.805,-8.1347
112.054,-8.1347
112.303,-8.1347
112.552,-8.1347
112.801,-8.1347
113.05,-8.1347
113.299,-8.1347
113.548,-8.1347
113.797,-8.1347
114.046,-8.1347
114.295,-8.1347
110.639,-8.14439
110.888,-8.14439
111.137,-8.14439
111.386,-8.14439
111.635,-8.14439
111.884,-8.14439
112.133,-8.14439
112.383,-8.14439
112.632,-8.14439
112.881,-8.14439
113.13,-8.14439
113.379,-8.14439
113.628,-8.14439
113.877,-8.14439
114.126,-8.14439
114.375,-8.14439
110.759,-8.15407
111.008,-8.15407
111.257,-8.15407
111.506,-8.15407
111.755,-8.15407
112.004,-8.15407
112.253,-8.15407
112.502,-8.15407
112.751,-8.15407
113,-8.15407
113.249,-8.15407
113.498,-8.15407
113.747,-8.15407
113.997,-8.15407
114.246,-8.15407
110.649,-8.16376
110.898,-8.16376
111.147,-8.16376
111.396,-8.16376
111.645,-8.16376
111.894,-8.16376
112.143,-8.16376
112.393,-8.16376
112.642,-8.16376
112.891,-8.16376
113.14,-8.16376
113.389,-8.16376
113.638,-8.16376
113.887,-8.16376
114.136,-8.16376
114.385,-8.16376
110.838,-8.17345
111.087,-8.17345
111.336,-8.17345
111.586,-8.17345
111.835,-8.17345
112.084,-8.17345
112.333,-8.17345
112.582,-8.17345
112.831,-8.17345
113.08,-8.17345
113.329,-8.17345
113.578,-8.17345
113.827,-8.17345
114.076,-8.17345
114.325,-8.17345
110.788,-8.18314
111.038,-8.18314
111.287,-8.18314
111.536,-8.18314
111.785,-8.18314
112.034,-8.18314
112.283,-8.18314
112.532,-8.18314
112.781,-8.18314
113.03,-8.18314
113.279,-8.18314
113.528,-8.18314
113.777,-8.18314
114.026,-8.18314
114.276,-8.18314
110.769,-8.19282
111.018,-8.19282
111.267,-8.19282
111.516,-8.19282
111.765,-8.19282
112.014,-8.19282
112.263,-8.19282
112.512,-8.19282
112.761,-8.19282
113.01,-8.19282
113.259,-8.19282
113.508,-8.19282
113.757,-8.19282
114.007,-8.19282
114.256,-8.19282
110.779,-8.20251
111.028,-8.20251
111.277,-8.20251
111.526,-8.20251
111.775,-8.20251
112.024,-8.20251
112.273,-8.20251
112.522,-8.20251
112.771,-8.20251
113.02,-8.20251
113.269,-8.20251
113.518,-8.20251
113.767,-8.20251
114.016,-8.20251
114.266,-8.20251
110.808,-8.2122
111.057,-8.2122
111.307,-8.2122
111.556,-8.2122
111.805,-8.2122
112.054,-8.2122
112.303,-8.2122
112.552,-8.2122
112.801,-8.2122
113.05,-8.2122
113.299,-8.2122
113.548,-8.2122
113.797,-8.2122
114.046,-8.2122
114.295,-8.2122
110.958,-8.22188
111.207,-8.22188
111.456,-8.22188
111.705,-8.22188
111.954,-8.22188
112.203,-8.22188
112.452,-8.22188
112.701,-8.22188
112.95,-8.22188
113.2,-8.22188
113.449,-8.22188
113.698,-8.22188
113.947,-8.22188
114.196,-8.22188
110.918,-8.23157
111.167,-8.23157
111.416,-8.23157
111.665,-8.23157
111.914,-8.23157
112.163,-8.23157
112.412,-8.23157
112.662,-8.23157
112.911,-8.23157
113.16,-8.23157
113.409,-8.23157
113.658,-8.23157
113.907,-8.23157
114.156,-8.23157
110.928,-8.24126
111.177,-8.24126
111.426,-8.24126
111.675,-8.24126
111.924,-8.24126
112.173,-8.24126
112.422,-8.24126
112.671,-8.24126
112.921,-8.24126
113.17,-8.24126
113.419,-8.24126
113.668,-8.24126
113.917,-8.24126
114.166,-8.24126
110.968,-8.25095
111.217,-8.25095
111.466,-8.25095
111.715,-8.25095
111.964,-8.25095
112.213,-8.25095
112.462,-8.25095
112.711,-8.25095
112.96,-8.25095
113.209,-8.25095
113.459,-8.25095
113.708,-8.25095
113.957,-8.25095
114.206,-8.25095
111.018,-8.26063
111.267,-8.26063
111.516,-8.26063
111.765,-8.26063
112.014,-8.26063
112.263,-8.26063
112.512,-8.26063
112.761,-8.26063
113.01,-8.26063
113.259,-8.26063
113.508,-8.26063
113.757,-8.26063
114.007,-8.26063
114.256,-8.26063
111.137,-8.27032
111.386,-8.27032
111.635,-8.27032
111.884,-8.27032
112.133,-8.27032
112.383,-8.27032
112.632,-8.27032
112.881,-8.27032
113.13,-8.27032
113.379,-8.27032
113.628,-8.27032
113.877,-8.27032
114.126,-8.27032
114.375,-8.27032
111.366,-8.28001
111.615,-8.28001
111.864,-8.28001
112.114,-8.28001
112.363,-8.28001
112.612,-8.28001
112.861,-8.28001
113.11,-8.28001
113.359,-8.28001
113.608,-8.28001
113.857,-8.28001
114.106,-8.28001
114.355,-8.28001
111.436,-8.28969
111.685,-8.28969
111.944,-8.28969
112.193,-8.28969
112.442,-8.28969
112.691,-8.28969
112.94,-8.28969
113.19,-8.28969
113.439,-8.28969
113.688,-8.28969
113.937,-8.28969
114.186,-8.28969
111.456,-8.29938
111.705,-8.29938
112.034,-8.29938
112.283,-8.29938
112.532,-8.29938
112.781,-8.29938
113.03,-8.29938
113.279,-8.29938
113.528,-8.29938
113.777,-8.29938
114.026,-8.29938
114.276,-8.29938
111.576,-8.30907
111.914,-8.30907
112.183,-8.30907
112.432,-8.30907
112.681,-8.30907
112.931,-8.30907
113.18,-8.30907
113.429,-8.30907
113.678,-8.30907
113.927,-8.30907
114.176,-8.30907
111.476,-8.31876
111.725,-8.31876
112.104,-8.31876
112.353,-8.31876
112.602,-8.31876
112.851,-8.31876
113.1,-8.31876
113.349,-8.31876
113.598,-8.31876
113.847,-8.31876
114.096,-8.31876
114.345,-8.31876
111.645,-8.32844
112.094,-8.32844
112.343,-8.32844
112.592,-8.32844
112.841,-8.32844
113.12,-8.32844
113.498,-8.32844
113.747,-8.32844
113.997,-8.32844
114.246,-8.32844
111.566,-8.33813
112.034,-8.33813
112.313,-8.33813
112.562,-8.33813
112.811,-8.33813
113.299,-8.33813
113.548,-8.33813
113.797,-8.33813
114.046,-8.33813
114.295,-8.33813
111.685,-8.34782
112.303,-8.34782
112.552,-8.34782
112.801,-8.34782
113.319,-8.34782
113.568,-8.34782
113.817,-8.34782
114.066,-8.34782
114.315,-8.34782
112.273,-8.3575
112.522,-8.3575
112.771,-8.3575
113.02,-8.3575
113.568,-8.3575
113.817,-8.3575
114.066,-8.3575
114.315,-8.3575
112.343,-8.36719
112.592,-8.36719
112.841,-8.36719
113.409,-8.36719
113.658,-8.36719
113.907,-8.36719
114.156,-8.36719
111.675,-8.37688
112.532,-8.37688
112.781,-8.37688
113.379,-8.37688
113.628,-8.37688
113.877,-8.37688
114.126,-8.37688
111.675,-8.38657
112.552,-8.38657
112.801,-8.38657
113.429,-8.38657
113.678,-8.38657
113.927,-8.38657
114.176,-8.38657
112.412,-8.39625
112.662,-8.39625
112.911,-8.39625
113.548,-8.39625
113.797,-8.39625
114.046,-8.39625
114.295,-8.39625
112.602,-8.40594
112.851,-8.40594
113.498,-8.40594
113.747,-8.40594
113.997,-8.40594
114.246,-8.40594
112.592,-8.41563
112.841,-8.41563
113.538,-8.41563
113.787,-8.41563
114.036,-8.41563
114.285,-8.41563
112.642,-8.42531
112.891,-8.42531
113.618,-8.42531
113.867,-8.42531
114.116,-8.42531
112.502,-8.435
112.751,-8.435
113.349,-8.435
113.688,-8.435
113.937,-8.435
114.186,-8.435
112.602,-8.44469
113.289,-8.44469
113.618,-8.44469
113.867,-8.44469
114.116,-8.44469
114.365,-8.44469
112.921,-8.45438
113.638,-8.45438
113.887,-8.45438
114.136,-8.45438
114.385,-8.45438
113.359,-8.46406
113.787,-8.46406
114.036,-8.46406
114.285,-8.46406
113.299,-8.47375
113.728,-8.47375
113.977,-8.47375
114.226,-8.47375
113.299,-8.48344
113.738,-8.48344
113.987,-8.48344
114.236,-8.48344
113.319,-8.49313
113.767,-8.49313
114.016,-8.49313
114.266,-8.49313
113.349,-8.50281
113.817,-8.50281
114.066,-8.50281
114.315,-8.50281
113.668,-8.5125
113.917,-8.5125
114.166,-8.5125
114.415,-8.5125
113.917,-8.52219
114.166,-8.52219
114.415,-8.52219
113.937,-8.53187
114.186,-8.53187
113.718,-8.54156
113.987,-8.54156
114.236,-8.54156
113.837,-8.55125
114.086,-8.55125
114.335,-8.55125
113.937,-8.56094
114.186,-8.56094
113.797,-8.57062
114.046,-8.57062
114.295,-8.57062
113.957,-8.58031
114.206,-8.58031
113.897,-8.59
114.146,-8.59
114.395,-8.59
114.116,-8.59968
114.365,-8.59968
114.076,-8.60937
114.325,-8.60937
114.007,-8.61906
114.256,-8.61906
114.505,-8.61906
114.196,-8.62875
114.465,-8.62875
114.186,-8.63843
114.495,-8.63843
114.355,-8.64812
114.046,-8.65781
114.505,-8.65781
114.505,-8.66749
114.505,-8.67718
114.515,-8.68687
114.515,-8.69656
114.515,-8.70624
114.485,-8.71593
114.445,-8.72562
114.405,-8.7353
114.365,-8.74499
114.614,-8.74499
114.574,-8.75468
114.554,-8.76437
114.505,-8.78374
