<?xml version="1.0"?>
<!--<!DOCTYPE metadata SYSTEM "http://www.esri.com/metadata/esriprof80.dtd">-->
<metadata xml:lang="en"><Esri><MetaID>{3A182513-E990-4948-BFCE-540B43E56358}</MetaID><CreaDate>20091021</CreaDate><CreaTime>12073100</CreaTime><SyncOnce>TRUE</SyncOnce></Esri><idinfo><citation><citeinfo><onlink Sync="TRUE">\\E6930P\C$\Documents and Settings\Administrator\My Documents\Work\data\IDN_Admin\IDN_adm1</onlink></citeinfo></citation></idinfo><distInfo><distributor><distorTran><onLineSrc><linkage Sync="TRUE">file://\\E6930P\C$\Documents and Settings\Administrator\My Documents\Work\data\IDN_Admin\IDN_adm1</linkage><protocol Sync="TRUE">Local Area Network</protocol></onLineSrc></distorTran></distributor></distInfo><dataqual><lineage><procstep><procdesc Sync="TRUE">Dataset moved.</procdesc><srcused Sync="TRUE">C:\Documents and Settings\Administrator\My Documents\Work\data\IDN_adm1</srcused><procdate Sync="TRUE">20091021</procdate><proctime Sync="TRUE">12073100</proctime></procstep></lineage></dataqual></metadata>
